,Unnamed: 0,Comment ID,Parent ID,Author,Body,Score,Created (UTC)
0,0,fvlkdzu,t3_hdigku,kyemaloy14,realli felt like year thin leak mani massiv one io mean got screenshot dark mode week realli word ipado centric chang either tvos new appl watch face may get homepod get chang seem virtual noth leak chang come maco,181,1592793345.0
1,1,fvlkiw2,t3_hdigku,bt1234yt,fyi mod appl discontinu appl event app tvos move event stream appl tv app,157,1592793431.0
2,2,fvlcjhk,t3_hdigku,aaronp613,good even r appl,296,1592788329.0
3,3,fvm5tox,t3_hdigku,espenbirch,matt black appl brand cup reserv special day like pictur said cup gb edit spell,54,1592809471.0
4,4,fvlfjck,t3_hdigku,RadChocolate,hope redesign imac happen unlik happen dream dream dream keep ram access also add abil access nvme ssd slot,80,1592790235.0
5,5,fvlfthz,t3_hdigku,SparkyRobinson,sure mani develop hype swiftui combin updat,75,1592790414.0
6,6,fvm5zu9,t3_hdigku,AdditionalMarten,wait maco high catalina,37,1592809629.0
7,7,fvln22k,t3_hdigku,kirbyCUBE,anyon got bingo board,32,1592795092.0
8,8,fvm24hx,t3_hdigku,bXm83,miss pic banner go,22,1592806159.0
9,9,fvlfsg5,t3_hdigku,ken27238,friend remind yes dev profil inevit leak post onlin instal risk first releas io watcho ipado bug might work expect also watcho downgrad end user watch sent appl downgrad,54,1592790395.0
10,10,fvleijr,t3_hdigku,neon-lights,airpod studio airpod studio airpod studio,118,1592789583.0
11,11,fvlf1q7,t3_hdigku,hungry_russian,much updat ipado seen much onlin,17,1592789924.0
12,12,fvmvprd,t3_hdigku,deleted,,16,1592832609.0
13,13,fvm7tdf,t3_hdigku,PM_ME_CUTE_SM1LE,blame sub hype good morn feel like would excit part keynot,15,1592811338.0
14,14,fvlwfyo,t3_hdigku,Mixon696,realli wait excit io fourteen new mac os new hardwar announc would awesom friend get today special,14,1592801645.0
15,15,fvld97r,t3_hdigku,AnotherAvgAsshole,year dub dub die,59,1592788778.0
16,16,fvldr7m,t3_hdigku,Totoro10101,realli hope got good improv ipado asid carri io name anyth specif want want see ipado get power mayb file manag abl slide side idk wait see unveil tomorrow decid whether buy magic keyboard ipad pro,26,1592789098.0
17,17,fvm4ihj,t3_hdigku,SmugMaverick,homepag redesign widget support app align chang incom call iphon forc full screen io complet,23,1592808259.0
18,18,fvn3tii,t3_hdigku,kooks51,io fourteen redesign caller ui pls,11,1592837323.0
19,19,fvljjb0,t3_hdigku,The_Ejj,hope like io io fourteen beta run smoother current iter also pleas dear lord siri announc,46,1592792791.0
20,20,fvlclhz,t3_hdigku,obelisk0,wait probabl hype wwdc recent year,79,1592788364.0
21,21,fvm93zp,t3_hdigku,klokkert1,hope abl use appl watch press paus play macbook mayb ipad also like see batteri status iphon watch like see watch batteri iphon,9,1592812599.0
22,22,fvmto4i,t3_hdigku,ExtremelyQualified,go weird applaus,10,1592831283.0
23,23,fvlnkkq,t3_hdigku,bananamadafaka,boy wait beta crash fi ligatur,9,1592795432.0
24,24,fvlowtx,t3_hdigku,gmanist1000,bet maco avalon,8,1592796323.0
25,25,fvlwks7,t3_hdigku,iampsychic,wwdc bingo board year,8,1592801747.0
26,26,fvm7vbv,t3_hdigku,Ventrace,want ask much love see real extern monitor support ipad pro better file manag exampl zip folder contain five thousand file without crash use rd parti app,9,1592811391.0
27,27,fvmtz5m,t3_hdigku,aka_liam,sound like go happen man realli hope imac announc first time ever market one definit bring buy current model,10,1592831486.0
28,28,fvlx5q1,t3_hdigku,PapaLags,look countdown event stream time wwdc,8,1592802186.0
29,29,fvnhmiz,t3_hdigku,mhall85,music super relax lol anyon know,8,1592844414.0
30,30,fvnjd3s,t3_hdigku,FindTheFishyFish,thank god memoji,6,1592845285.0
31,31,fvlhbq1,t3_hdigku,MaxelAmador,pleas announc new imac pleas announc new imac pleas pleas pleas,6,1592791377.0
32,32,fvlq6ed,t3_hdigku,deleted,hope ipad key split onscreen keyboard,7,1592797172.0
33,33,fvltycq,t3_hdigku,deleted,,6,1592799813.0
34,34,fvmcibh,t3_hdigku,hepgiu,thing realli want new call ui iphon maco proper call maco,6,1592816049.0
35,35,fvmgb72,t3_hdigku,iHeartTuesdays,hope appl fact pull maco big sur redesign io fourteen homepag facelift onlin present year hope someth sleev surpris us year dubdub,6,1592820050.0
36,36,fvmz2to,t3_hdigku,lignarius1,maco catalina wine mixer pow,6,1592834650.0
37,37,fvn4c63,t3_hdigku,tipodecinta,odd get imac macbook instead macbook imac,7,1592837598.0
38,38,fvnf5hr,t3_hdigku,deleted,,5,1592843172.0
39,39,fvnijvv,t3_hdigku,Matuteg,hope event live chat thing reddit last year terribl,7,1592844876.0
40,40,fvnjeui,t3_hdigku,tom_watts,song daydream aurora,5,1592845310.0
41,41,fvnkj3v,t3_hdigku,hijimmylin,io fifteen gonna introduc widget librari organ widget,6,1592845871.0
42,42,fvnhs4c,t3_hdigku,Shloomth,anyon els absolut love pre event music,10,1592844491.0
43,43,fvm8wvp,t3_hdigku,halesnet,littl sad read might new hardwar announc wallet thank look forward see map arm futur,4,1592812408.0
44,44,fvn1axk,t3_hdigku,Twrd4321,want hear today appl support av io final k youtub video,4,1592835938.0
45,45,fvn2enc,t3_hdigku,awkward_pause_,thread r android invit,5,1592836559.0
46,46,fvnb72b,t3_hdigku,swim_to_survive,cant find anywher saw last night anyon link video post fake io fourteen reveal one new wallpap thought hilari want send slack team someon hook,5,1592841179.0
47,47,fvni1lo,t3_hdigku,nmpraveen,wish releas screensav iss rad,4,1592844623.0
48,48,fvnk0ft,t3_hdigku,thehauntedmattress,pictur pictur iphon,5,1592845613.0
49,49,fvnk1qh,t3_hdigku,ghsNICK,wow massiv upgrad io home screen,4,1592845631.0
50,50,fvnk1v9,t3_hdigku,dontfailplz,bruh app drawer,4,1592845633.0
51,51,fvnkav6,t3_hdigku,mhall85,longer need banish unus app hidden page folder,6,1592845758.0
52,52,fvnb8li,t3_hdigku,Oceanbriz,go disappoint hardwar sure leak rumor wwdc primarili softwar announc consid hardwar announc bonus instead mandatori,8,1592841200.0
53,53,fvlegaj,t3_hdigku,deleted,,27,1592789543.0
54,54,fvmriwm,t3_hdigku,mushroomtoasty,happi end default app level customis home screen io featur long overdu opinion,5,1592829811.0
55,55,fvn1g5v,t3_hdigku,deleted,,4,1592836019.0
56,56,fvn22gf,t3_hdigku,Tropical_Centipede,peopl public watch free,4,1592836369.0
57,57,fvnhd2n,t3_hdigku,Captaincadet,seem like show map world current whoever goe live stream appl websit come upon world animoji,4,1592844281.0
58,58,fvnirii,t3_hdigku,deleted,,4,1592844983.0
59,59,fvnjcoh,t3_hdigku,pandas795,like song,4,1592845278.0
60,60,fvnk117,t3_hdigku,00DEADBEEF,announc better homescreen,5,1592845621.0
61,61,fvnk1vu,t3_hdigku,iamkanthalaraghu,resiz widget lmao,5,1592845633.0
62,62,fvnk5ik,t3_hdigku,bike_tyson,love,4,1592845683.0
63,63,fvnka40,t3_hdigku,thekidfromyesterday,fender guitar tab take craig play guitar,4,1592845748.0
64,64,fvnkuts,t3_hdigku,cranil,big sur,3,1592846032.0
65,65,fvnkxjd,t3_hdigku,iamkanthalaraghu,bigsur offici wwdc,5,1592846069.0
66,66,fvld6ys,t3_hdigku,HeyCharlieBall,will bet new hardwar shown tomorrow wont releas month iphon os ipad os watcho probabl zzzzzz mac os star show app run new appl chip port iphon ipad app,19,1592788739.0
67,67,fvmw5ym,t3_hdigku,gallifreys,good moooooorn,3,1592832889.0
68,68,fvmwmka,t3_hdigku,Nickp1991,make taco wwdc start,3,1592833177.0
69,69,fvn00el,t3_hdigku,jwink3101,random question littl consequ presum keynot present stage empti auditorium case think present wear mask,3,1592835196.0
70,70,fvn0547,t3_hdigku,TheBKBurger,rip batteri life work proper app happi wwdc day everyon,3,1592835272.0
71,71,fvn16ni,t3_hdigku,deleted,,3,1592835871.0
72,72,fvn3cr2,t3_hdigku,zomedleba,amd cpus never mac sorri burst bubbl,3,1592837072.0
73,73,fvna2om,t3_hdigku,NYKnickerbocker2,set expect low hope good keynot,3,1592840609.0
74,74,fvna5qe,t3_hdigku,kyo_jazz,recent bought iphon eleven phone basic die option look forward hope larg softwar updat maco io ipado cross finger,3,1592840652.0
75,75,fvnc3vg,t3_hdigku,DrawTings,anyon filter new someon tell happen event total new idea suppos expect softwar,3,1592841636.0
76,76,fvnd902,t3_hdigku,MrEcon,anyon abl find wwdc stream appl tv appletv app,3,1592842218.0
77,77,fvnhku6,t3_hdigku,nmpraveen,would cool actual real updat peopl join map,3,1592844390.0
78,78,fvninho,t3_hdigku,pandas795,hello hope well,3,1592844927.0
79,79,fvniv27,t3_hdigku,mikesay98,go live chat start still,3,1592845033.0
80,80,fvnj1jy,t3_hdigku,sjsharksfan12,would love appl tv wallpap get golden gate bridg mani time love outer space pictur,3,1592845123.0
81,81,fvnjstg,t3_hdigku,dontfailplz,craigggg,3,1592845507.0
82,82,fvnjtzq,t3_hdigku,bananamadafaka,fuck cool lol,3,1592845524.0
83,83,fvnk6xi,t3_hdigku,sjsharksfan12,ok love zoom app page app drawer might actual better,3,1592845703.0
84,84,fvnk76m,t3_hdigku,rdmdota,chat somewher,3,1592845706.0
85,85,fvnksme,t3_hdigku,dontfailplz,call guess io hit point noth els realli add,3,1592846002.0
86,86,fvnkvgl,t3_hdigku,dontfailplz,yall note get big sur that thd mac os name,3,1592846041.0
87,87,fvnky8m,t3_hdigku,Flying-Cock,siri get help everi day like everi year,3,1592846079.0
88,88,fvnkzi9,t3_hdigku,cranil,hope let hide call updat ffs,3,1592846097.0
89,89,fvmvvn8,t3_hdigku,lignarius1,nbae appl drop ten maco releas maco sixteen fall alongsid io ipado etc,5,1592832710.0
90,90,fvmk4wf,t3_hdigku,DLPanda,hope lot ipad os improv year seem like get oh well guess alway next year,5,1592823782.0
91,91,fvmwtfc,t3_hdigku,Lucky-Kangaroo,els pregam,3,1592833293.0
92,92,fvnkk0i,t3_hdigku,iamkanthalaraghu,smartstack amaz wish android,4,1592845884.0
93,93,fvlgk0p,t3_hdigku,scybert42,swift languag level chang use implement interpret languag almost work,2,1592790888.0
94,94,fvlh095,t3_hdigku,work_alias,let,2,1592791176.0
95,95,fvm8ns0,t3_hdigku,ando772,io beta releas tmw event,2,1592812162.0
96,96,fvmanbb,t3_hdigku,congalala,honest wish improv swiftui fun develop ui error sometim quit confus also uikit equival,2,1592814137.0
97,97,fvmdlwp,t3_hdigku,Scotching123,airtag come,2,1592817204.0
98,98,fvn2cbp,t3_hdigku,Nickp1991,hope airpod studio spacial audio,2,1592836523.0
99,99,fvn6c4r,t3_hdigku,TheChims,hold buy new macbook pro hope announc new design featur wait,2,1592838662.0
100,100,fvn9nv7,t3_hdigku,oharabk,tim cook good moorn,2,1592840398.0
101,101,fvngvli,t3_hdigku,polic1,announc airtag happi keep lose key,2,1592844036.0
102,102,fvnh3is,t3_hdigku,philphan25,lot memoji,2,1592844148.0
103,103,fvnhavf,t3_hdigku,ExtremelyQualified,assum go stream event develop app indic yet go happen static schedul event,2,1592844251.0
104,104,fvni01h,t3_hdigku,joshskj,appl hint airtag pre event live wallpap sure hope,2,1592844602.0
105,105,fvnih5u,t3_hdigku,PabloNeirotti,develop app appl websit seem anyon els,2,1592844838.0
106,106,fvnivnn,t3_hdigku,Bmanzella527,realli hope get pip iphon direct link app choic exampl click reddit link goe apollo app email app upgrad appl watch better flexibl fit challeng watch face appl watch face store ipad os better multi screen support better extern display support,2,1592845042.0
107,107,fvnj312,t3_hdigku,kuse,happen,2,1592845145.0
108,108,fvnj36l,t3_hdigku,BlazerStoner,awesom ambient song play shazam know,2,1592845147.0
109,109,fvnj5ze,t3_hdigku,The_MetalDog,love ambient music,2,1592845186.0
110,110,fvnj8cn,t3_hdigku,iamkanthalaraghu,wow chang music anyon know song love,2,1592845219.0
111,111,fvnj993,t3_hdigku,waterboy100,pleaaaaaas let keynot memoji form,2,1592845231.0
112,112,fvnjfdt,t3_hdigku,philphan25,good morn,2,1592845317.0
113,113,fvnjhk4,t3_hdigku,barney13,dubyadubyadc,2,1592845349.0
114,114,fvnjvd8,t3_hdigku,ant1992,holi shit io first,2,1592845543.0
115,115,fvnjwwd,t3_hdigku,dontfailplz,man got io fourteen fast fluff,2,1592845565.0
116,116,fvnjxw7,t3_hdigku,sjsharksfan12,get app drawer final catch android year ago,2,1592845578.0
117,117,fvnjyrg,t3_hdigku,dontfailplz,oh wow widget,2,1592845590.0
118,118,fvnk2br,t3_hdigku,thekidfromyesterday,look pretti good,2,1592845639.0
119,119,fvnkc5o,t3_hdigku,speedyturt13,iphon look taller usual,2,1592845776.0
120,120,fvmhp8b,t3_hdigku,suppreme,new hardwar maco redesign fun littl leak year would make sens scrap hardwar announc particular great time catch peopl attent,3,1592821445.0
121,121,fvmkfvi,t3_hdigku,deardickson,first time wwdc appl exec go back desk check email,3,1592824060.0
122,122,fvlhsqw,t3_hdigku,FullSpectrumWizard,call dual boot ipad os maco arm edit ipad pro first mac arm hardwar,8,1592791677.0
123,123,fvm0i1w,t3_hdigku,johndoeiswhoiam,casual follow appl put damn date time thing gonna happen pre thing gonna happen thread post thx,4,1592804807.0
124,124,fvnkeor,t3_hdigku,aka_liam,someon page worth app trembl unexcit edit hmm smartstack quit nice though,4,1592845811.0
125,125,fvluo34,t3_hdigku,tails618,would love introduc kind compat bit app mac similar albeit good afaik compat surfac pro x unfortun doubt gonna,2,1592800332.0
126,126,fvnapiy,t3_hdigku,deleted,,2,1592840930.0
127,127,fvnjjl2,t3_hdigku,00DEADBEEF,tim seem less dull usual,2,1592845377.0
128,128,fvnjk8p,t3_hdigku,Flying-Cock,anyon know actual live,2,1592845386.0
129,129,fvnjuv1,t3_hdigku,thekidfromyesterday,wow start io surpris,2,1592845536.0
130,130,fvnjlsl,t3_hdigku,bananamadafaka,open eye much drive nut,2,1592845408.0
131,131,fvnk6fp,t3_hdigku,00DEADBEEF,took ten year widget,3,1592845696.0
132,132,fvnjmuq,t3_hdigku,soupx3,believ tim cook said acab crazi,3,1592845423.0
133,133,fvnjqtg,t3_hdigku,ChickinWaaaang,tim wear appl glass,2,1592845479.0
134,134,fvnkqiv,t3_hdigku,Tropical_Centipede,lol bet appl renam siri karen,0,1592845974.0
135,135,fvmz3sb,t3_hdigku,sjsharksfan12,pleas someth appl music bring back function also improv car play good last year would fun realli look anyth look buy new tv old generat four appl tv hd bring price k appl tv might updat mine wish remot better though also interrupt applaus like state union hope keynot around hour mark mayb give take ten minut,1,1592834666.0
136,136,fvn961t,t3_hdigku,Nickp1991,gonna interest day appleland,1,1592840140.0
137,137,fvnbh6w,t3_hdigku,Kilgorio1,wow,1,1592841322.0
138,138,fvnfzdh,t3_hdigku,Rickmasta,first time avail youtub,1,1592843588.0
139,139,fvngn3n,t3_hdigku,mysaadlife,excit ipado hope get improv ive want,1,1592843919.0
140,140,fvngoqt,t3_hdigku,thnok,hope appl com crash,1,1592843942.0
141,141,fvngrkm,t3_hdigku,SixtyForceDemon,maco monterey jack,1,1592843982.0
142,142,fvngxld,t3_hdigku,00DEADBEEF,memoji kind mean,1,1592844063.0
143,143,fvnh84k,t3_hdigku,walle58533,mani day never watch wwdc lack anyth els interest rumor arm power mac,1,1592844212.0
144,144,fvnhk4j,t3_hdigku,philphan25,got text messag ding key background music mind blown,1,1592844380.0
145,145,fvni20h,t3_hdigku,strumthestrings,,1,1592844628.0
146,146,fvni61e,t3_hdigku,jack2018g,anyon know animoji head actual updat viewer around world,1,1592844685.0
147,147,fvnj256,t3_hdigku,goldenninjadragon,youtub went live,1,1592845132.0
148,148,fvnj2z4,t3_hdigku,tom_watts,aaaaand live,1,1592845144.0
149,149,fvnj63y,t3_hdigku,pandas795,peac,1,1592845188.0
150,150,fvnjbs8,t3_hdigku,00DEADBEEF,memoji wave,1,1592845266.0
151,151,fvnjc4x,t3_hdigku,cshaiku,love light avatar chang wave nice,1,1592845271.0
152,152,fvnjc6o,t3_hdigku,sidd1943,memoji,1,1592845271.0
153,153,fvnjsfu,t3_hdigku,iphone69plus,never seen sticker clean laptop ever,1,1592845502.0
154,154,fvnjtbk,t3_hdigku,iamkanthalaraghu,free freee hear say free wow,1,1592845514.0
155,155,fvnjtjc,t3_hdigku,deleted,,1,1592845518.0
156,156,fvnjwnv,t3_hdigku,It-Wanted-A-Username,crowd cheer,1,1592845561.0
157,157,fvnjwpg,t3_hdigku,iamkanthalaraghu,know record event wwdc,1,1592845562.0
158,158,fvnk2ut,t3_hdigku,Flying-Cock,ahh velox titan first ten second,1,1592845646.0
159,159,fvnk8v1,t3_hdigku,Gaston44,cool,1,1592845730.0
160,160,fvnk8zw,t3_hdigku,sjsharksfan12,think brought watch os io like way watch organ app,1,1592845732.0
161,161,fvnkaxr,t3_hdigku,hijimmylin,foldercept,1,1592845759.0
162,162,fvnktfh,t3_hdigku,isthisnamechangeable,start doubt alreadi two thousand twenti us,1,1592846013.0
163,163,fvnji74,t3_hdigku,iamkanthalaraghu,ofcours gotta address blacklivesmatt covid wwdc,3,1592845358.0
164,164,fvmzg0o,t3_hdigku,deleted,wwdc one two favorit appl event per year iphon unveil wwdc often includ featur super awesom day day siri shortcut great exampl,1,1592834865.0
165,165,fvnhirq,t3_hdigku,thomalexday,possibl virtual steve job,1,1592844361.0
166,166,fvnjr6s,t3_hdigku,afieldonearth,look want live better world without racism topic forc everi convers ever,-2,1592845484.0
167,167,fvlzsj3,t3_hdigku,theobserver_,nz need worri larg crowd,1,1592804234.0
168,168,fvm25uf,t3_hdigku,kylorand,dubdub,1,1592806192.0
169,169,fvmavgn,t3_hdigku,sbos_,good morn look forward keynot,1,1592814366.0
170,170,fvnkgvr,t3_hdigku,fpschubert,app librari similar smart launcher android,1,1592845841.0
171,171,fvnkpz7,t3_hdigku,deleted,youtub support come next year,1,1592845966.0
172,172,fvnjq34,t3_hdigku,thelawtalkingguy,siri set alert lectur,-2,1592845469.0
173,173,fvmx0ch,t3_hdigku,dragoneater713,think chang pdt,0,1592833410.0
174,174,fvnkhfm,t3_hdigku,Flying-Cock,realli hope chang call ui everyth els jailbreak featur alreadi,0,1592845848.0
175,175,fvnjpm7,t3_hdigku,deleted,,-5,1592845462.0
176,176,fvnjp3g,t3_hdigku,crunchtaco,oh god,-3,1592845455.0
177,177,fvnktjh,t3_hdigku,fpschubert,pip android sinc android oreo,-3,1592846015.0
178,178,fvnkinj,t3_hdigku,sjsharksfan12,ok bring widget home screen new appl pretti much caught android circa two thousand eleven,-6,1592845865.0
179,179,fvnjkp0,t3_hdigku,iphone69plus,film empti audienc back lmao,-1,1592845393.0
180,180,fvmjqcl,t3_hdigku,deleted,,-4,1592823403.0
181,181,fvmhv8m,t3_hdigku,deleted,,0,1592821608.0
182,182,fvn7163,t3_hdigku,ChargingWirelessly,pull trigger macbookp new processor talk worri though wait,0,1592839033.0
183,183,fvngzcj,t3_hdigku,wiptheman,websit icloud,0,1592844088.0
184,184,fvnjwcm,t3_hdigku,soupx3,camera angl kill,0,1592845557.0
185,185,fvnk9cw,t3_hdigku,ant1992,happi two thousand seventeen x wait jailbreak shit,0,1592845737.0
186,186,fvmip2n,t3_hdigku,deleted,,-3,1592822412.0
187,187,fvnjffu,t3_hdigku,Tropical_Centipede,polit move zero audienc trump liter thousand peopl audienc day ago,-23,1592845318.0
188,188,fvlhyvz,t3_hdigku,your_username,appl,-6,1592791787.0
189,189,fvlgiln,t3_hdigku,International-Juice1,thank alot appl screw ass raw,-2,1592790863.0
190,190,fvm507f,t1_fvlkdzu,deleted,littl excit realli know expect tomorrow rememb last time said eve larg appl keynot,84,1592808712.0
191,191,fvmac0n,t1_fvlkdzu,j1ggl,one part excit one part worri mean got noth,33,1592813822.0
192,192,fvm4zd6,t1_fvlkdzu,itsmegoddamnit,iron easier contain leak employe work home compar work offic,14,1592808690.0
193,193,fvmymc0,t1_fvlkdzu,jsbabbles,expect someth come ipado sinc bother releas keyboard earli could easili someth releas event instead opt custom acclim idea consid devic keyboard strang sort two announc pro app like xcode final cut pro mayb pleas love god want calcul action center easi appl pleas,2,1592834378.0
194,194,fvn45xd,t1_fvlkdzu,TheBrainwasher14,screenshot io seen new wallpap ui carkey exampl,1,1592837505.0
195,195,fvn5krw,t1_fvlkdzu,SleepingSicarii,feel like leak regard io thirteen pretti crazi definit felt like inform leak,1,1592838254.0
196,196,fvlouvp,t1_fvlkiw2,The_Ejj,feel weird reason,60,1592796286.0
197,197,fvmkfg1,t1_fvlkiw2,Eruanno,idea get event stream insid appl tv app though way figur actual find way go old event app send stream insid appl tv confus hope massiv overhaul tv app general super fuck confus,14,1592824050.0
198,198,fvlzjo7,t1_fvlkiw2,xvilo,stream youtub wat better peopl mac idevic apppl tv,8,1592804034.0
199,199,fvmj1y8,t1_fvlkiw2,Fantastic_Individual,appl also recommend use appl develop app,4,1592822759.0
200,200,fvlcmc8,t1_fvlcjhk,ezidro3,got lot show,190,1592788379.0
201,201,fvleas8,t1_fvlcjhk,SuitingUncle620,gonna love,38,1592789446.0
202,202,fvlcmf7,t1_fvlcjhk,exjr_,happi cake day phil,17,1592788380.0
203,203,fvmrokv,t1_fvlcjhk,DreamyLucid,good morn thank,3,1592829923.0
204,204,fvn7286,t1_fvlcjhk,thinkadrian,good morn,1,1592839048.0
205,205,fvmdwml,t1_fvm5tox,deleted,c u p,23,1592817523.0
206,206,fvmuboj,t1_fvm5tox,jgreg728,matt black hi name marqu brown would like buy cup,17,1592831709.0
207,207,fvm928j,t1_fvm5tox,david6283,purchas cup,7,1592812552.0
208,208,fvmqgww,t1_fvm5tox,AndersonTheCooper,space grey,3,1592829050.0
209,209,fvn7poh,t1_fvm5tox,Hoobleton,mug similar work tesla realli want one discontinu could buy swipe one think replac similar one like much,1,1592839389.0
210,210,fvlzj7p,t1_fvlfjck,ekwipt,dream switch amd ryzen cpu sixteen core pcie four gpu dream borderless suffic,19,1592804024.0
211,211,fvlnnbz,t1_fvlfjck,hishnash,flat side concept like access screen screw bottom open abl open regular nvme use stick buy macpro real question appl put gpu separ board,9,1592795483.0
212,212,fvmgd1i,t1_fvlfjck,KZedUK,imac ssds t chip encrypt replac work even stick,2,1592820102.0
213,213,fvn05yl,t1_fvlfjck,jwink3101,dream one happen realli happen would still love maco ipad pro go happen good reason still like,1,1592835286.0
214,214,fvlxj5i,t1_fvlfthz,ihatecompvir,yeah see new swiftui catalyst arkit look forward hope final get uicollectionview equival swiftui,10,1592802474.0
215,215,fvlnsol,t1_fvlfthz,kiwi0803,wait see improv swiftui love still mess,12,1592795584.0
216,216,fvm01ie,t1_fvlfthz,iNoles,would love see swiftui document much ask,11,1592804434.0
217,217,fvlkm6e,t1_fvlfthz,milesper,biggest thing well hope swiftui two bring lot improv,20,1592793491.0
218,218,fvlz4rs,t1_fvlfthz,GanjaMake,oh hell yeah swiftui intrigu sinc launch heard still need uikit lot thing current js stuff react react nativ go pick swiftui eventu swift nice languag toy someon come c c java wait see today day fulli sold swiftui also hope someth new coreml,5,1592803704.0
219,219,fvm6jc7,t1_fvlfthz,Spudly2319,miss combin hype train found month beyond stoke,3,1592810137.0
220,220,fvlwldj,t1_fvlfthz,AFRUITPIE,swiftui one absolut joy hope move lot view make mani represent,2,1592801759.0
221,221,fvmygkq,t1_fvlfthz,ahuiP,swiftui actual use use work play around lil,1,1592834282.0
222,222,fvlr74e,t1_fvlfthz,42177130,appl introduc lot develop stuff last year mind advanc year iter new framework even though peopl would disappoint,1,1592797862.0
223,223,fvmnn3r,t1_fvm5zu9,pianistzombie,wait sunni catalina someth,9,1592826853.0
224,224,fvm3nfj,t1_fvln22k,ContinuingResolution,good morn,33,1592807487.0
225,225,fvmerqo,t1_fvln22k,thomalexday,tell us like invit craig federighi stage craig,26,1592818439.0
226,226,fvm961m,t1_fvln22k,david6283,proud announc,10,1592812655.0
227,227,fvmixrf,t1_fvln22k,countmora,found one,12,1592822645.0
228,228,fvmm1ba,t1_fvm24hx,cocoman2121,next year,5,1592825497.0
229,229,fvlgisr,t1_fvlfsg5,deleted,,23,1592790867.0
230,230,fvmjsnh,t1_fvlfsg5,JoelTheSuperior,dream dev build maco leak ton new featur except finder liter broken think pretti much one expect develop softwar,1,1592823463.0
231,231,fvlfvi9,t1_fvleijr,deleted,,75,1592790448.0
232,232,fvm11qv,t1_fvleijr,juliuscruickshank,hardwar ear headphon reveal would satisfi design appl team would sell like crazi,5,1592805258.0
233,233,fvnax2g,t1_fvleijr,SirNelsonOfWales,yeah actual good sound qualiti would will drop littl bit cash,1,1592841037.0
234,234,fvljme7,t1_fvleijr,deleted,nope,-2,1592792846.0
235,235,fvm8iao,t1_fvleijr,TheBrainwasher14,happen enough els happen discuss two hour,-1,1592812012.0
236,236,fvma20p,t1_fvleijr,dishfishbish,think appl compet compani like b,-1,1592813540.0
237,237,fvn3b79,t1_fvmvprd,16Paws,start,7,1592837050.0
238,238,fvlrtcb,t1_fvld97r,TheGeorgeForman,dub dub die thunder applaus,15,1592798288.0
239,239,fvle0sp,t1_fvld97r,ExtremelyQualified,realli drop ball call www dc,50,1592789270.0
240,240,fvmeowo,t1_fvld97r,thomalexday,glad offici call dub dub year,4,1592818354.0
241,241,fvlgc7f,t1_fvld97r,ken27238,long long time ago still rememb code use make smile,7,1592790749.0
242,242,fvlpatn,t1_fvldr7m,The_Ejj,point real shoe drop ipado app want final cut want audio hijack want real d editor want devinci resolv know dream one far ipado announc most look api facilit type app,25,1592796579.0
243,243,fvlsxph,t1_fvldr7m,hechacker1,xcode termin ssh rubi python curl want web net develop stack keep leav maco,18,1592799076.0
244,244,fvm27dq,t1_fvldr7m,undergroundbynature,want cohes way manag instanc app feel could much better,8,1592806229.0
245,245,fvmbgat,t1_fvldr7m,j1ggl,like sort memori swap ipad k cach regular storag ram full mac pc get mani app load like much comput slow respons quit ipad though take full control random quit app background ram fill say result annoy reload even wors loss unsav work could see power mode switch control center enabl get choos app launch one keep one quit even loss perform featur,3,1592814956.0
246,246,fvmv0cg,t1_fvldr7m,wilso850,wanna use slide without app open lol,3,1592832156.0
247,247,fvll1sw,t1_fvldr7m,FullSpectrumWizard,realli hope magic keyboard play good part new ipad os featur,7,1592793779.0
248,248,fvm2t0n,t1_fvldr7m,deleted,,2,1592806746.0
249,249,fvmv4i6,t1_fvldr7m,Kinto_il,want better slideov capabl app app iphon variat definit slideov capabl use youtub youtub music would rather abil slide peek video current play choos new select without swipe ipad open dedic app iphon counterpart think develop would need much time build specif ipad also tire vertic app ipad servic vertic app make slideov abl,2,1592832228.0
250,250,fvmb1zy,t1_fvm4ihj,my_name_isnt_clever,could forget default app,9,1592814552.0
251,251,fvnb7nf,t1_fvm4ihj,maxwms,pretti much,1,1592841187.0
252,252,fvn5tgf,t1_fvn3tii,i_Killed_Reddit,ha ha ha,2,1592838385.0
253,253,fvn97lh,t1_fvn3tii,aadharsh_2,think might actual happen base dreamer leaker,1,1592840162.0
254,254,fvlpkkv,t1_fvljjb0,Kilmonjaro,say ar honesti use ar thier phone,52,1592796763.0
255,255,fvn8nis,t1_fvljjb0,ethanjim,rememb one releas might averag perform improv across major iphon year need plenti bug fix small tweak new massiv featur,2,1592839875.0
256,256,fvm98kd,t1_fvljjb0,bluewolf37,want fix app suspens memori whatev broke last upgrad use abl go back forth app lose place better android ram constant lose place app,3,1592812726.0
257,257,fvm252t,t1_fvlclhz,MentalUproar,appl actual releas mainstream mac product run exclus arm entir industri shift intel stock plummet arm power ms surfac consid scienc fair project appl microsoft actual challeng eachoth event impact lot peopl across multipl industri much bigger releas watch threaten swiss watch maker someth chang even competitor devic made futur,45,1592806173.0
258,258,fvlryzy,t1_fvlclhz,neavts,everi wwdc hype recent year,87,1592798398.0
259,259,fvm7w8n,t1_fvlclhz,PM_ME_CUTE_SM1LE,use android last year kinda lost interest keynot bummer iphon eleven feel like part hype wait beta,1,1592811415.0
260,260,fvlpfbk,t1_fvlowtx,I_Need_Citations,rumor mill suggest maco massiv silverlin monterey,10,1592796662.0
261,261,fvlzyz8,t1_fvlowtx,egeek84,big sur,8,1592804377.0
262,262,fvn4gn9,t1_fvlowtx,KZedUK,avalon absolut solid guess catalina high sierra type updat hold water,3,1592837663.0
263,263,fvmjlie,t1_fvlwks7,skiier97,updat everi keynot,6,1592823274.0
264,264,fvn41qi,t1_fvmtz5m,KZedUK,idk think could happen seem incred like io maco hardwar announc eight year old design hard drive non retina option t chip,2,1592837443.0
265,265,fvnigad,t1_fvnhmiz,FortePiano96,know music remind brian eno ambient work might like music airport,2,1592844825.0
266,266,fvnicri,t1_fvnhmiz,ClumpOfCheese,shazam dude,2,1592844777.0
267,267,fvnioqm,t1_fvnhmiz,loosebolts,get strong brian eno vibe everi time shazam recognis someth differ,1,1592844945.0
268,268,fvmslnh,t1_fvltycq,thiccsupreme,air tag,1,1592830564.0
269,269,fvncpcd,t1_fvn4c63,HackWang,definit,2,1592841941.0
270,270,fvnfs6n,t1_fvnf5hr,mojo276,read think get call take whole screen almost sure default app thing though super surpris happen,3,1592843488.0
271,271,fvnjo2g,t1_fvnjeui,Declanmar,thank,1,1592845441.0
272,272,fvni03b,t1_fvnhs4c,mhall85,need sleep track lol want appl music librari,4,1592844602.0
273,273,fvnigv0,t1_fvnhs4c,loosebolts,get strong brian eno vibe,2,1592844833.0
274,274,fvnie04,t1_fvnhs4c,IngsocInnerParty,nice anyon els cut littl bit,1,1592844794.0
275,275,fvmbbjn,t1_fvm8wvp,my_name_isnt_clever,afaik sourc claim site known run fake leak click,8,1592814820.0
276,276,fvnagdw,t1_fvn1axk,AWildDragon,want hardwar first guess tvos could support ac power,1,1592840802.0
277,277,fvnfs2a,t1_fvn2enc,dysgraphical,,3,1592843486.0
278,278,fvncu3n,t1_fvnb72b,wish_you_a_nice_day,know og,4,1592842008.0
279,279,fvnig8u,t1_fvni1lo,ChrisH100,total agre cool,2,1592844825.0
280,280,fvnkhpy,t1_fvnkav6,chaiscool,contrari show everyth app folder,1,1592845852.0
281,281,fvnehwq,t1_fvnb8li,ant1992,still believ peopl expect hardwar wwdc,5,1592842842.0
282,282,fvlfgqx,t1_fvlegaj,Electrical_Cherry,way man happen obvious right us hear leaker instead appl even appl prepar year redesign mac app store introduc catalyst bring io app maco app one codebas deprec bit app metal ipad pro processor perform well macbook pro hell even consolid multipl control logic board one t chip big one,54,1592790190.0
283,283,fvlflpy,t1_fvlegaj,alien3d,dungeon bug even file manag ipad os still struggl android smooth easi think arm match xeon i capabl,-1,1592790277.0
284,284,fvmv99c,t1_fvmriwm,Marko_Tropoja,realli see default app happen tbh,1,1592832313.0
285,285,fvn7awh,t1_fvn1g5v,thomalexday,better float bounc around,0,1592839176.0
286,286,fvn3tml,t1_fvn22gf,KZedUK,,3,1592837325.0
287,287,fvn269c,t1_fvn22gf,eww7633,yes youtub stream,2,1592836428.0
288,288,fvniuh1,t1_fvnirii,Xylamyla,good morn brother,2,1592845025.0
289,289,fvnk3o8,t1_fvnk1vu,Tropical_Centipede,hope toggl,1,1592845657.0
290,290,fvlebqu,t1_fvld6ys,Mikesilverii,definit seem like littl hurt prematur imac rumor realli excit order new redesign imac soon,12,1592789463.0
291,291,fvle8xe,t1_fvld6ys,MaxCruz,realli make think new hardwar announc tomorrow,5,1592789414.0
292,292,fvn4ip7,t1_fvn00el,tipodecinta,make think stream still live pre record,3,1592837694.0
293,293,fvna2im,t1_fvn00el,ExtremelyQualified,idea predict tim auditorium everyon els present space reason auditorium without audienc honest think would look weird sad,1,1592840606.0
294,294,fvne8hd,t1_fvn16ni,DefinitelyNotSnek,know audio feed download free appl develop app stream base test allow background play unlik appl tv youtub stream,3,1592842712.0
295,295,fvngmvc,t1_fvn3cr2,VariantComputers,well amd use help produc g altivec imposs definit like,2,1592843916.0
296,296,fvncmci,t1_fvnc3vg,wish_you_a_nice_day,develop confer alway announc next major releas oper system talk new api develop new improv develop tool framework time announc new hardwar year expect usual io maco watcho stuff think go spend good time talk new processor transit improv swiftui,8,1592841898.0
297,297,fvnfrab,t1_fvnc3vg,BitingChaos,everyon watch someon stand stage play game phone think possibl watch someon play game phone longer bring peopl gather around tabl play ar game togeth phone yes probabl softwar develop stuff maco io iphoneo ipado watcho tvos xcode etc might slight chanc show hardwar usual softwar,4,1592843476.0
298,298,fvnc8fu,t1_fvnc3vg,NYKnickerbocker2,yea pretti much pure softwar,3,1592841700.0
299,299,fvncfzv,t1_fvnc3vg,aka_liam,yes softwar announc howev possibl might announc hardwar,3,1592841808.0
300,300,fvndoc9,t1_fvnd902,exjr_,show includ use event app app bring section,2,1592842432.0
301,301,fvngpxp,t1_fvnd902,mysaadlife,stream youtub probabl watch way well,2,1592843959.0
302,302,fvniqo6,t1_fvninho,cshaiku,thank say mean lot touch thank friend,3,1592844971.0
303,303,fvnj1hl,t1_fvniv27,cshaiku,usual live thread refresh r appl subreddit,1,1592845122.0
304,304,fvnjwfw,t1_fvnjtzq,ghsNICK,like better regular live version,2,1592845558.0
305,305,fvnkb8e,t1_fvnk76m,r_hcaz,,2,1592845763.0
306,306,fvmwbwh,t1_fvmvvn8,PalmHacks,nbae acronym speak god get old,9,1592832993.0
307,307,fvnij3l,t1_fvmvvn8,BourgeoisShark,doubt may,1,1592844865.0
308,308,fvmpvkv,t1_fvmk4wf,thomalexday,sure know littl anyth go reason think ipado would ignor,4,1592828610.0
309,309,fvlnvmh,t1_fvlgk0p,hishnash,swift roadmap public releas new xcode see featur alreadi,3,1592795640.0
310,310,fvmqzvk,t1_fvm8ns0,jamzfaced,develop preview usual releas immedi public beta usual follow week afterward,8,1592829434.0
311,311,fvnbk57,t1_fvn6c4r,Weekly_Rise,would say chanc major hardwar updat macbook pro year refresh whole lineup,2,1592841363.0
312,312,fvniktx,t1_fvnih5u,r_hcaz,alway start wwdc,4,1592844890.0
313,313,fvnj7b8,t1_fvnj36l,waterboy100,idk,2,1592845205.0
314,314,fvnjbol,t1_fvnj8cn,Flying-Cock,sound like aurora,2,1592845264.0
315,315,fvnjfil,t1_fvnj993,iamkanthalaraghu,suck way pls,1,1592845319.0
316,316,fvnk1ae,t1_fvnjwwd,Freittrain86,yeah might best part happen like wast time dive right dumb applaus,3,1592845625.0
317,317,fvnk964,t1_fvnjxw7,tipodecinta,twelv year ago exact,1,1592845734.0
318,318,fvnkd7z,t1_fvnkc5o,dontfailplz,hm ur right ratio look differ,1,1592845790.0
319,319,fvlnr4p,t1_fvlhsqw,hishnash,think want maco ipad set wrong imag maco touch os appl stire well away,22,1592795556.0
320,320,fvlis9w,t1_fvlhsqw,RadChocolate,oh shit intrigu could end kill macbook air,4,1592792311.0
321,321,fvls093,t1_fvlhsqw,lolwutdo,would cool could load maco arm onto appl tv basic got mac mini new appl tv would abl reach would cool haha,2,1592798423.0
322,322,fvls0ab,t1_fvlhsqw,Easy_Toast,epitom pipe dream,2,1592798423.0
323,323,fvmb83e,t1_fvlhsqw,my_name_isnt_clever,actual dual boot like head alreadi kinda wish gotten bigger capac sixti four gb two thousand eighteen pro,2,1592814723.0
324,324,fvmd45b,t1_fvlhsqw,firelitother,make option two thousand twenti model,2,1592816675.0
325,325,fvlnasy,t1_fvlhsqw,gcoba218,sort doubt would would kill lower end macbook,1,1592795251.0
326,326,fvncn4p,t1_fvnapiy,trillioncells,smoke share,4,1592841910.0
327,327,fvnczd3,t1_fvnapiy,wish_you_a_nice_day,would sick think tech yet process power display technolog,2,1592842084.0
328,328,fvnfkks,t1_fvnapiy,ExtremelyQualified,go think got anoth year get see,1,1592843382.0
329,329,fvnjmjb,t1_fvnjjl2,chaiscool,big crowd anxieti,3,1592845419.0
330,330,fvnjmgn,t1_fvnjk8p,00DEADBEEF,bet prerecord,3,1592845418.0
331,331,fvnjo09,t1_fvnjk8p,dontfailplz,probabl want peopl skip live show,3,1592845440.0
332,332,fvnjnv0,t1_fvnjk8p,Shapoopie,definit produc,3,1592845438.0
333,333,fvnjo92,t1_fvnjk8p,ItWasTheGiraffe,almost chanc live,3,1592845443.0
334,334,fvnjoru,t1_fvnjk8p,tipodecinta,cours someon fluf line reason live sport take question end,3,1592845450.0
335,335,fvnjpdf,t1_fvnjk8p,nmpraveen,see point live,3,1592845459.0
336,336,fvnjrmq,t1_fvnjk8p,deleted,chanc perfect sync subtitl turn,3,1592845490.0
337,337,fvnjn7k,t1_fvnjk8p,veryZexy,feel like caus point know,2,1592845429.0
338,338,fvnjnqc,t1_fvnjk8p,Silvedoge,nah like prerecord less room error,2,1592845436.0
339,339,fvnjoze,t1_fvnjlsl,iamkanthalaraghu,proper sleep bet,2,1592845454.0
340,340,fvnk79f,t1_fvnk6fp,dontfailplz,app drawer widget wow,1,1592845707.0
341,341,fvngqt1,t1_fvnbh6w,i_Killed_Reddit,mom,1,1592843971.0
342,342,fvng8ri,t1_fvnfzdh,Tasteful_Noods,start stream event yt year ago,2,1592843719.0
343,343,fvnhf7v,t1_fvngxld,Hennahane,assum locat peopl watch stream,1,1592844311.0
344,344,fvnihxs,t1_fvnh84k,IngsocInnerParty,usual week long confer one keynot,1,1592844849.0
345,345,fvnixip,t1_fvni61e,TheBrainwasher14,would way doubt,2,1592845068.0
346,346,fvnjn8i,t1_fvnji74,aka_liam,imagin kind person would upset,6,1592845429.0
347,347,fvnjtxh,t1_fvnjr6s,businesskitteh,get advic racism econom equal ceo appl,7,1592845523.0
348,348,fvnjt6n,t1_fvnjr6s,DestroyerR2L2,stay mad,1,1592845512.0
349,349,fvnkv27,t1_fvnkpz7,Tropical_Centipede,premium googl got make money iphon user,-4,1592846036.0
350,350,fvnkn7o,t1_fvnkhfm,dontfailplz,fair alway io updat jailbreak featur,-1,1592845927.0
351,351,fvnjscz,t1_fvnjpm7,Fizzster,tim virtu signal tim genuin say thing fact said show know noth,4,1592845500.0
352,352,fvnklu9,t1_fvnkinj,dontfailplz,okay peopl complain add peopl complain,8,1592845908.0
353,353,fvnjp2u,t1_fvnjkp0,Flying-Cock,symbolis appl support social distanc whatnot,5,1592845455.0
354,354,fvnjntr,t1_fvnjkp0,bananamadafaka,actual realli good photographi,3,1592845438.0
355,355,fvn2i6a,t1_fvmjqcl,itsaride,arm processor superior x mani way except raw speed also decreas relianc extern supplier kind benefit includ secur cost think relationship profit except planet lower energi usag,1,1592836614.0
356,356,fvn45mt,t1_fvmhv8m,KZedUK,uh wwdc unveil iphon til septemb,1,1592837501.0
357,357,fvn48bu,t1_fvmhv8m,nowast3ddays,well unless want replac phone macbook need wait fall iphon event,1,1592837540.0
358,358,fvn881u,t1_fvn7163,w1ldw1ng,good buy arm macbook prob abl match macbookp perform awhil develop need reoptim applic,6,1592839652.0
359,359,fvnh3i0,t1_fvngzcj,Thunderblast,stream appl com work,1,1592844148.0
360,360,fvnh5bs,t1_fvngzcj,thomalexday,work show rotat globe stream,1,1592844172.0
361,361,fvnhpnn,t1_fvngzcj,wiptheman,yes back well,1,1592844457.0
362,362,fvmor69,t1_fvmip2n,mad_poet_navarth,app written swift possibl write audio plugin,2,1592827749.0
363,363,fvmj4ih,t1_fvmip2n,skiier97,yah,2,1592822828.0
364,364,fvn2wya,t1_fvmip2n,itsaride,softwar written day high level low level hardwar anywher near disrupt use lot recompil exploit arm benefit fault yes app use regular still readili avail doubt anyon write app asm day,1,1592836836.0
365,365,fvnjl4k,t1_fvnjffu,TacoChowder,safe move like public safeti polit,6,1592845399.0
366,366,fvnjgt9,t1_fvnjffu,waterboy100,pleas tell serious,5,1592845338.0
367,367,fvnjinw,t1_fvnjffu,Silvedoge,tell joke lol,3,1592845364.0
368,368,fvnjk13,t1_fvnjffu,Shapoopie,nobodi care,1,1592845384.0
369,369,fvnjiw0,t1_fvnjffu,Sebassyion,oh christ,0,1592845367.0
370,370,fvnjjtx,t1_fvnjffu,ant1992,get,0,1592845381.0
371,371,fvnjkby,t1_fvnjffu,aadharsh_2,lmao,0,1592845387.0
372,372,fvmtmtr,t1_fvm507f,kyemaloy14,agre like know stuff leak last screenshot level thing got io fourteen wallpap picker look forward hope surpris stuff pleas let continu steam roll ipado add featur make comput like see xcode engin tweet look forward show work xcode ipado dream still strong,10,1592831259.0
373,373,fvn481e,t1_fvmac0n,TheBrainwasher14,expect much ipad guess move mac arm,3,1592837536.0
374,374,fvn6ifu,t1_fvmymc0,InTheBusinessBro,think get hope keyboard bit hardwar readi make sens announc time ipad way get attent peopl like splurg rather tempt cheaper keyboard appar get hardwar today matter excit see us,3,1592838755.0
375,375,fvma1lq,t1_fvlouvp,YipYepYeah,gotta get peopl tv app somehow haha,58,1592813529.0
376,376,fvm4y7k,t1_fvlouvp,7577406272,futur tv app,29,1592808660.0
377,377,fvn0h10,t1_fvmkfg1,exjr_,yeah sinc app still avail better app take section tv app appl tv app show section unless went app mani other issu cc u btyt,2,1592835463.0
378,378,fvmsvvc,t1_fvmkfg1,bt1234yt,ad row highlight stream tv app,1,1592830755.0
379,379,fvn7084,t1_fvmkfg1,thinkadrian,apart roundabout way indic screen feed appear appear automat,1,1592839019.0
380,380,fvlh4bn,t1_fvlcmc8,McFatty7,excit share io instal iphon releas past year let compar android display two pie graph,95,1592791248.0
381,381,fvleesl,t1_fvlcmc8,eggimage,first let talk develop love appl,131,1592789517.0
382,382,fvlffxy,t1_fvlcmc8,ken27238,think gonna love,54,1592790176.0
383,383,fvllt20,t1_fvleas8,Tesla_UI,gonna love,28,1592794271.0
384,384,fvlcnr0,t1_fvlcmf7,aaronp613,thank,8,1592788404.0
385,385,fvngpwr,t1_fvmdwml,abra-su-mente,underr comment,2,1592843959.0
386,386,fvma0zw,t1_fvm928j,espenbirch,trivia competit work retail,6,1592813512.0
387,387,fvmxd2i,t1_fvm928j,anckentucky,buy appl store sale merchandis appl campus,4,1592833622.0
388,388,fvmsqf9,t1_fvmqgww,espenbirch,hah actual matt black iphon seven,2,1592830655.0
389,389,fvm2mzj,t1_fvlzj7p,RadChocolate,would sick,10,1592806601.0
390,390,fvmkinx,t1_fvlzj7p,Eruanno,honest psych jump amd arm move appl alreadi great term gpus get board cpus well,7,1592824134.0
391,391,fvmqbju,t1_fvlnnbz,widget66,also want remov everi singl compon comput replac screen annoy enter screen method current imac least make screen replac pretti simpl long snake hand connect goddam short cabl also talk wish list repair hope go back magnet hold screen adhes,7,1592828941.0
392,392,fvmkmwj,t1_fvmgd1i,Eruanno,mac pro ssd upgrad kit would like word,5,1592824242.0
393,393,fvnbgkt,t1_fvm01ie,-14k-,yes might ask wee bit much mean half fun code trial error approach rush get accident get right rush get next time accident get right idea first time work,2,1592841313.0
394,394,fvn0cgg,t1_fvmnn3r,Anton_Pannekoek,funki cold medina,4,1592835391.0
395,395,fvma6aw,t1_fvm3nfj,cultoftheilluminati,think gonna love,24,1592813660.0
396,396,fvmu7y8,t1_fvmerqo,jgreg728,would ya look head hair,5,1592831644.0
397,397,fvn59wj,t1_fvmerqo,Sydney_Gamer,craig know kregg,2,1592838092.0
398,398,fvn8jvm,t1_fvmixrf,gallifreys,fantast never seen,2,1592839822.0
399,399,fvlgljt,t1_fvlgisr,ken27238,know hunt dev profil idiot,28,1592790916.0
400,400,fvloojp,t1_fvlgisr,soupx3,clear solut buy three phone,11,1592796170.0
401,401,fvma0lg,t1_fvlgisr,cultoftheilluminati,th type checkran io,2,1592813501.0
402,402,fvmhj3x,t1_fvlfvi9,peachybuttcheek,xms ruin wireless headphon match sign,7,1592821275.0
403,403,fvlzpgi,t1_fvlfvi9,chaiscool,soni autom updat though lose nc overnight like airpod pro,29,1592804165.0
404,404,fvmkxu1,t1_fvlfvi9,SkyGuy182,also nicer name,2,1592824524.0
405,405,fvmaric,t1_fvlfvi9,nick_pl,conveni airpod,1,1592814254.0
406,406,fvmn2i2,t1_fvlfvi9,deleted,nc stand context,1,1592826375.0
407,407,fvn7c6r,t1_fvlfvi9,MangyCanine,know reliabl rumor ear vs ear airpod studio matter anyon compar soni sennheis macbook six hundr sixti macbook nc microphon awesom anyth microphon sensit pick mous movement desk sound qualiti macbook six hundr sixti meh though nowher good wire headset still better old soni mdr xbbt,1,1592839194.0
408,408,fvmsebv,t1_fvma20p,LyrMeThatBifrost,lol b almost irrelev categori bose soni appl aim compet,5,1592830424.0
409,409,fvnfuh1,t1_fvn3b79,Cmdr_Nevarlan,known,2,1592843521.0
410,410,fvm9kjj,t1_fvlrtcb,MightBeJerryWest,remain dub dub hunt defeat,6,1592813053.0
411,411,fvlgcqs,t1_fvle0sp,deleted,,24,1592790759.0
412,412,fvmadml,t1_fvlpatn,j1ggl,suck ass without proper monitor support let start,7,1592813867.0
413,413,fvmat1t,t1_fvlsxph,my_name_isnt_clever,want abl make app ipad ipad without own mac expect someth season dev would use would good start,6,1592814299.0
414,414,fvm3w4v,t1_fvlsxph,Thewordisnot,oh god yes pleas would somewhat short amaz right manag get django run local tandem work copi pyto textast iphon even imagin possibl stuff normal run mac,4,1592807703.0
415,415,fvm8pjz,t1_fvm27dq,TheBrainwasher14,multitask right clusterfuck need improv,5,1592812208.0
416,416,fvm3949,t1_fvll1sw,squareswordfish,hope bought tablet anoth laptop get wrong understand peopl like use comput problem bought tablet new featur focus four hundr euro touchpad would feel pretti unpleas,5,1592807135.0
417,417,fvm3twg,t1_fvm2t0n,ContinuingResolution,could run xcode,2,1592807648.0
418,418,fvm26lp,t1_fvlpkkv,deleted,,38,1592806211.0
419,419,fvlpvq0,t1_fvlpkkv,The_Ejj,long enough rememb ar thing better suit glass,17,1592796972.0
420,420,fvmbqh6,t1_fvlpkkv,j1ggl,sinc minecraft earth event hear word ar clear sign need watch next coupl minut go bathroom grab drink jeez stuff alway lame,2,1592815249.0
421,421,fvn9t2a,t1_fvn8nis,The_Ejj,yes io recal correct appl took time remov softwar bottleneck much prioriti,2,1592840472.0
422,422,fvm9kba,t1_fvm252t,Proditus,think overestim immedi benefit arm though mac realli industri shaper appl line smartphon tablet might see forward movement pc arm space go year long even decad long process much depend x even consid transit away reason timefram,12,1592813047.0
423,423,fvm1pz7,t1_fvlryzy,deleted,,47,1592805817.0
424,424,fvmg70n,t1_fvlryzy,KZedUK,yeah mean last year god damn mac pro hype know,7,1592819928.0
425,425,fvn4h2a,t1_fvlzyz8,KZedUK,surpris go horribl name edit surpris,1,1592837670.0
426,426,fvn65ml,t1_fvn41qi,aka_liam,honest fulli expect day ago seen mani analyst say announc today kind lost hope would love wrong though,2,1592838566.0
427,427,fvnbwkz,t1_fvn41qi,Lost_the_weight,appl store still new hardwar announc today store would,2,1592841536.0
428,428,fvnim7b,t1_fvnigad,mhall85,look thank,2,1592844908.0
429,429,fvnihm6,t1_fvnicri,mhall85,tri twice got two differ result dude spotifi,2,1592844844.0
430,430,fvnjbr9,t1_fvnioqm,mhall85,conspiraci lol siri shazam troll p someon els post lotus journey confirm spotifi,1,1592845265.0
431,431,fvn3fz2,t1_fvmslnh,16Paws,appl tracker ultra wideband support,1,1592837120.0
432,432,fvnh0hs,t1_fvnfs6n,deleted,,1,1592844104.0
433,433,fvnj2pw,t1_fvnie04,CoasterFreak2601,mine solid sinc use tv app appl tv,1,1592845141.0
434,434,fvnfd6l,t1_fvnehwq,MoiraMain,announc new mac pro pro display last year two thousand seventeen announc new ipad pro imac pro homepod hardwar announc wwdc unheard,5,1592843278.0
435,435,fvlghgv,t1_fvlfgqx,ken27238,think u auralucario tri say yes see appl announc intel arm transit announc hardwar use arm,24,1592790842.0
436,436,fvltx03,t1_fvlfgqx,yanksrock1000,realli seem like perfect storm mayb tomorrow realli day feel like wait decad,4,1592799785.0
437,437,fvmbvme,t1_fvlfgqx,j1ggl,yeah exact reason appl well readi arm mac know condit exact ideal year would understand,3,1592815396.0
438,438,fvn9ld6,t1_fvlfgqx,ethanjim,much evid develop ipado suggest io form factor io laptop desktop etc one bang keyboard mous support fact care enough maco enough even develop proper app anymor multi window app full desktop browser chang home screen pull window push develop keyboard shortcut consum point view make sens look post last night lot develop want keep x need virtualis specialist applic etc would work maco step arm io laptop much closer would allow tap wider consum market imagin ipad becom io laptop appl tv becom io desktop comput,1,1592840362.0
439,439,fvmbz2x,t1_fvlflpy,j1ggl,sure point tri make file manag issu io softwar fault could lightn fast butteri smooth appl better job optim,1,1592815497.0
440,440,fvlfxn6,t1_fvlflpy,BostonDrivingIsWorse,k,0,1592790487.0
441,441,fvliqrk,t1_fvle8xe,HeyCharlieBall,similar mac pro announc last year shown,3,1592792284.0
442,442,fvlxphu,t1_fvle8xe,deleted,,4,1592802609.0
443,443,fvn5okv,t1_fvn4ip7,jwink3101,well question still stand assum present stage also well could wrong suspect live evid contrari,3,1592838311.0
444,444,fvncyws,t1_fvncmci,DrawTings,cool thank alot,2,1592842077.0
445,445,fvneda6,t1_fvndoc9,MrEcon,tri work end go youtub app,2,1592842778.0
446,446,fvnj12i,t1_fvniqo6,pandas795,problem know recent event brought anxieti tri check everyon,1,1592845117.0
447,447,fvnje84,t1_fvnj1hl,mikesay98,see anyth actual live discuss,1,1592845301.0
448,448,fvmyu7c,t1_fvmwbwh,lignarius1,anyon els,1,1592834507.0
449,449,fvnjit7,t1_fvnjfil,waterboy100,oh drop,1,1592845366.0
450,450,fvlnval,t1_fvlnr4p,FullSpectrumWizard,ipad os use catalyst run maco app specif use magic keyboard mayb access maco purchas magic keyboard idk lmao,0,1592795633.0
451,451,fvljs5z,t1_fvlis9w,FullSpectrumWizard,ipad pro two thousand twenti six gb ram magic keyboard maco would kill air,6,1592792950.0
452,452,fvnecoc,t1_fvncn4p,w1ldw1ng,pass joint next done,2,1592842770.0
453,453,fvnhjcy,t1_fvnhf7v,00DEADBEEF,seem even spread liter perfect line way around itali coast,1,1592844370.0
454,454,fvnilxv,t1_fvnihxs,walle58533,oh okay today live stream catch rest normal tech youtub,2,1592844904.0
455,455,fvn970b,t1_fvn881u,firelitother,boat wait announc might want peopl sell use cheap could also announc new imac would like,2,1592840153.0
456,456,fvmjmcv,t1_fvmj4ih,deleted,,0,1592823297.0
457,457,fvnc5bk,t1_fvn2wya,Lost_the_weight,ms crow rebuild calcul engin excel use asm year back,1,1592841656.0
458,458,fvnjnbm,t1_fvnjl4k,Tropical_Centipede,cinema open though,0,1592845430.0
459,459,fvnjlwm,t1_fvnjgt9,medgno,unfortun respons covid time consid polit,3,1592845410.0
460,460,fvnjkry,t1_fvnjgt9,nmpraveen,cours lol,2,1592845394.0
461,461,fvnjju3,t1_fvnjgt9,Tropical_Centipede,like appl bow big donor class dnc,-3,1592845381.0
462,462,fvngyo6,t1_fvn481e,a_bigdonger,think anyth els could add side thing mayb peopl other ipado seem realli polish basic user like let see appl add,2,1592844079.0
463,463,fvn88p5,t1_fvn6ifu,jsbabbles,take consid make way sens haha reason side fenc analyst,1,1592839661.0
464,464,fvmvivw,t1_fvm4y7k,elarq,futur tv app,9,1592832487.0
465,465,fvmu35p,t1_fvm4y7k,jgreg728,actual one app channel app within app,2,1592831558.0
466,466,fvmunqj,t1_fvmsvvc,Doelago,appear,4,1592831929.0
467,467,fvmwrr6,t1_fvmsvvc,Eruanno,huh noth like tvos movi tv show,6,1592833264.0
468,468,fvmza9i,t1_fvmsvvc,deleted,countri see tv app india,3,1592834773.0
469,469,fvn6yar,t1_fvmsvvc,thinkadrian,sweden eu noth find tv app,2,1592838991.0
470,470,fvma94s,t1_fvlh4bn,j1ggl,fair skip last year,16,1592813741.0
471,471,fvlemp2,t1_fvleesl,exjr_,develop love appl,136,1592789658.0
472,472,fvlfnd3,t1_fvleesl,deleted,,63,1592790306.0
473,473,fvlewy1,t1_fvleesl,encogneeto,cricket,25,1592789840.0
474,474,fvlv8vd,t1_fvlffxy,cshaiku,one thing,12,1592800753.0
475,475,fvluj9l,t1_fvllt20,tails618,realli gonna love mean beta gonna buggi batteri drain etc gonna love anyway,13,1592800236.0
476,476,fvm9hl3,t1_fvllt20,SuitingUncle620,gonna love,5,1592812973.0
477,477,fvn2y2w,t1_fvmkinx,BIGSTANKDICKDADDY,appl move arm offer anoth option long term goal everi appl product use appl design develop chip go effort switch amd cpus one two cycl devic pull plug x altogeth would strang unfocus decis hardwar team opinion,7,1592836852.0
478,478,fvmldim,t1_fvmkmwj,Garrosh,dollar six hundr tb storag though,4,1592824916.0
479,479,fvlshh9,t1_fvlgljt,stopalltheDLing,everi goddamn year know wait,14,1592798756.0
480,480,fvmacmb,t1_fvlgljt,ehsteve23,public beta probabl week away,1,1592813839.0
481,481,fvlr4no,t1_fvloojp,TestFlightBeta,jb old phone,6,1592797815.0
482,482,fvm1wzf,t1_fvlzpgi,MobiusOne_ISAF,kind nitpick consid whmx blow pretti much everi anc headset water audio qualiti nois cancel solid app batteri life boot beat solo indic appl would long way go even touch soni,37,1592805980.0
483,483,fvn4u67,t1_fvmaric,KZedUK,well asid numer benefit wireless headphon benefit airpod integr seamless connect transfer devic,3,1592837863.0
484,484,fvn83je,t1_fvmaric,Throwaway_Consoles,one thing never see peopl mention use one time bluetooth earbud like lg hbs lg tone beatsx powerbeat listen one ear whatev reason side die truli wireless headphon charg one half use half sinc charg faster discharg listen one hear die beep quick swap sinc case sit anywher charger effect result unlimit batteri life sinc detect one like miss half song play side one ear real beauti listen thing like netflix podcast separ left right import,1,1592839589.0
485,485,fvmqegu,t1_fvmn2i2,gojizillakong,nois cancel,3,1592829001.0
486,486,fvmtela,t1_fvmsebv,dishfishbish,term sale mayb term audio qualiti,1,1592831105.0
487,487,fvmyaez,t1_fvm9kjj,NinjaJayNuva,resolv stronger ever right,1,1592834180.0
488,488,fvm3sik,t1_fvlgcqs,Logseman,march cupertino dc would power statement know would,5,1592807614.0
489,489,fvmgaqj,t1_fvm3949,FullSpectrumWizard,like thing find use mk otherwis tablet mode,2,1592820037.0
490,490,fvn0w36,t1_fvm26lp,robinisbatman,yeah ar stuff seem incred batteri hungri,2,1592835703.0
491,491,fvlq4h0,t1_fvlpvq0,Kilmonjaro,ya ar glass make sens never seen good use phone except mayb measur thing point,12,1592797136.0
492,492,fvn4nr2,t1_fvm9kba,MentalUproar,move underway alreadi data center move arm power chip away x thing appl abl convinc peopl new tech worth tri arm space would pretti much new tech appl acceler process away x alreadi underway iron consid intel kill x tri move itanium,4,1592837771.0
493,493,fvmm36m,t1_fvm1pz7,santaliqueur,custom sat troubl stay chart,1,1592825542.0
494,494,fvn7mvf,t1_fvn4h2a,stopalltheDLing,think great name familiar big sur,3,1592839348.0
495,495,fvndxmk,t1_fvn3fz2,thiccsupreme,ah ok,1,1592842561.0
496,496,fvnj02x,t1_fvnh0hs,mojo276,deal,2,1592845103.0
497,497,fvnjidu,t1_fvnj2pw,IngsocInnerParty,watch seem fine,1,1592845360.0
498,498,fvnh70s,t1_fvnfd6l,00DEADBEEF,most pro hardwar announc expect new pro stuff seem unlik anyth certain appl tv like mani peopl seem want,0,1592844196.0
499,499,fvlgy5t,t1_fvlghgv,Electrical_Cherry,oh yeah make sens figur event tell develop get readi arm releas first mac next year end year,13,1592791140.0
500,500,fvmf2a8,t1_fvmbz2x,alien3d,unsur kinda lazi test again sinc beta ipad mini two thousand nineteen connect pendriv without extern power releas usabl burn money adapt think work intend allreadi bought old macbook two thousand eleven bring meet devic instead ipad,1,1592818746.0
501,501,fvlxspe,t1_fvliqrk,deleted,,5,1592802674.0
502,502,fvmj81p,t1_fvlxphu,davecrist,first titanium powerbook imac releas wwdc,2,1592822920.0
503,503,fvmntiq,t1_fvlxphu,deleted,,1,1592826997.0
504,504,fvnfn3g,t1_fvncyws,Lost_the_weight,care softwar chang come new os releas might well catch articl publish keynot end,2,1592843417.0
505,505,fvn3wty,t1_fvmyu7c,KZedUK,nbae start inb alreadi exist,2,1592837373.0
506,506,fvlq1aw,t1_fvlnval,hishnash,catalyst uikit ui lib maco let run appkit app differ ui framework,6,1592797077.0
507,507,fvnir6i,t1_fvnilxv,IngsocInnerParty,correct,1,1592844978.0
508,508,fvnjqjp,t1_fvnjju3,waterboy100,ok troll cool,1,1592845475.0
509,509,fvmvce1,t1_fvmunqj,bt1234yt,tri forc close app open,3,1592832371.0
510,510,fvmzf7z,t1_fvmza9i,bt1234yt,us,1,1592834852.0
511,511,fvmxk5y,t1_fvlemp2,geoffh2016,wwdc audienc steve job tell us great web app need nativ app room silent meme definit crowd reaction,18,1592833741.0
512,512,fvmovtf,t1_fvlfnd3,Rhed0x,crowd would senseless cheer everyth anyway,4,1592827849.0
513,513,fvn87gu,t1_fvn2y2w,myironlung6,great analysi big stank dick daddi,6,1592839644.0
514,514,fvmqygy,t1_fvmldim,Eruanno,say cheap even well price said possibl replac ssds t chip machin,5,1592829405.0
515,515,fvma86j,t1_fvlshh9,CarlHen,major break chang happen yet let see lucki streak keep give,5,1592813715.0
516,516,fvm20pm,t1_fvm1wzf,chaiscool,even appl exceed still risk nc disappear overnight,8,1592806069.0
517,517,fvmzsur,t1_fvm1wzf,abrahamisaninja,first got earphon back octob app crash non stop extrem difficult figur get stop eventu manag get run good ever sinc,2,1592835075.0
518,518,fvn8cs5,t1_fvn83je,nick_pl,use sennheis momentum tw listen right left airpod talk non pro airpod evalu purchas altern close ear appli,2,1592839720.0
519,519,fvmtkom,t1_fvmtela,LyrMeThatBifrost,audio qualiti pretti averag sound signatur none stand b includ,2,1592831221.0
520,520,fvlsz0p,t1_fvlq4h0,xx_trickydick_xx,,25,1592799101.0
521,521,fvm9hue,t1_fvlq4h0,bluewolf37,use ar pokmon go back fun end turn kill batteri fast nephew love monster park though get feel need huge jump batteri technolog becom use glass,8,1592812980.0
522,522,fvll8sm,t1_fvlgy5t,tman152,bet tell dev work swift alreadi done get readi arm everyon els get tool prepar app,11,1592793905.0
523,523,fvlovlj,t1_fvlgy5t,sulaymanf,worri osbourn effect could tank mac sale everyon think hardwar obselet,5,1592796300.0
524,524,fvlh7e6,t1_fvlgy5t,ken27238,yea arm mac might one thing septemb ppc intel switch announc transit later date releas first consum product,3,1592791301.0
525,525,fvlyht4,t1_fvlxspe,HeyCharlieBall,agre hardwar import accessori,3,1592803207.0
526,526,fvlq2f9,t1_fvlq1aw,FullSpectrumWizard,okay make work way,0,1592797098.0
527,527,fvnit54,t1_fvnir6i,walle58533,good know thank hope cool announc,2,1592845007.0
528,528,fvn7b5i,t1_fvmvce1,Doelago,yes,2,1592839179.0
529,529,fvng2yj,t1_fvmovtf,mbrady,wooo,1,1592843638.0
530,530,fvm2wwr,t1_fvm20pm,MobiusOne_ISAF,lose nois cancel overnight regular issu sure understand talk edit ah mean airpod auto updat bad thought meant mxs yeah appl would redesign can ground even start convers,12,1592806839.0
531,531,fvn8xqg,t1_fvn8cs5,Throwaway_Consoles,regular airpod weird left someth keep mind recommend anyon also forget pros audio pass mode bring ambient nois want shut one ear comfort regular airpod someth keep mind,1,1592840022.0
532,532,fvn5b20,t1_fvmtkom,dishfishbish,take look mrmobil review hi,1,1592838109.0
533,533,fvmkvtt,t1_fvll8sm,Eruanno,adob avid applic get half ass port mayb,7,1592824472.0
534,534,fvlpjs8,t1_fvlovlj,Electrical_Cherry,perhap leap faith mean still releas new powerpc mac even intel announc mayb take littl courag,5,1592796748.0
535,535,fvme4cp,t1_fvlovlj,m0rogfar,ppc intel sale tank much lot peopl buy mac need new machin lot peopl rush get last intel machin expect softwar port initi,4,1592817753.0
536,536,fvlrlfj,t1_fvlq2f9,hishnash,catalyst full maco vm maco lot extra api expos develop io exampl maco use memori user ram os smart swap disk ipado get regular maco app run ipado need maco light wait shim like catalyst,4,1592798135.0
537,537,fvn9ers,t1_fvn8xqg,nick_pl,sennheis also also comfort wear normal airpod alreadi normal iphon headphon fit macbook goddam light think get wireless instead one thing piss sennheis disabl bluetooth iphon want listen macbook press five second redo pair read onlin airpod work seamless multipl devic still get actual play two audio time connect two devic work,2,1592840266.0
538,538,fvmvx1r,t1_fvmkvtt,ken27238,dollar one hundr year extra arm support,2,1592832735.0
539,539,fvnidcv,t1_fvmkvtt,BourgeoisShark,adob work sooner later lot creativ communiti either go leav appl leav adob,1,1592844785.0
540,540,fvnbnel,t1_fvn9ers,Throwaway_Consoles,let say listen audio macbook want switch phone fastest way find icon bottom circl yellow sometim look like tap open menu click circl circl yellow switch like trade macbook saturday new one arriv friday would give exact exampl easiest way open control center tap yellow icon tap icon tap icon take extra step work everi time album step click one one,1,1592841408.0
