,Comment ID,Parent ID,Author,Body,Score,Created (UTC)
0,e02rysn,t3_8oeiq0,Mayucchi,I am seriously impressed by the lack of leaks for this event. Very excited for what Apple will show off tomorrow. ,680,1528086725.0
1,e02svw5,t3_8oeiq0,EastCoast2300,"As someone going to college in the fall as a freshman for computer science, I am REALLY hoping the Bloomberg leak was wrong and we will see a refreshed MBP tomorrow. Iâ€™d be pretty bummed if it doesent happen and I end up having to buy a 2017 one this summer.",171,1528088084.0
2,e02vpub,t3_8oeiq0,Rdubya44,"Biggest complaints we'll see after the event, go:",80,1528092749.0
3,e02rt7n,t3_8oeiq0,deleted,please new macs. please new macs. please new macs.,296,1528086498.0
4,e02tr74,t3_8oeiq0,shane1333,Top three features for iOS 12 That I want to see Dark mode Grouped notifications  The ability to change default apps (I doubt it),111,1528089445.0
5,e02s7vo,t3_8oeiq0,-niteowl,As a 5S owner (who definitely shouldâ€™ve upgraded to the SE years ago)... very much hoping for an SE 2 tomorrow. ,151,1528087088.0
6,e02s9p4,t3_8oeiq0,Doggerydoo4u,come on iPhone SEx!,236,1528087162.0
7,e02w4gj,t3_8oeiq0,smackythefrog,"I am happy. This will be my first WWDC with some rather up-to-date Apple devices that will likely benefit from all the features announced in a long time.   Until July of last year, I had a 2010 MBP 13"" that still saw OS updates, but I was just unhappy with how dated it was. It tried its damndest to keep me happy but I wanted a larger screen and a CPU that wasn't a freaking Core 2 Duo.   Then, about 3 weeks ago, I got an iPad Pro 10.5 on a good deal. Got the Pencil too.   So whatever macOS or iOS introduces tomorrow and throws at newer devices, I probably won't have to look at some compatibility list base on models for the first time in a long time.",26,1528093482.0
8,e02rvir,t3_8oeiq0,deleted,"This is my first WWDC as an Apple user. What should I look forward to?  I have an iPhone, an iPad and Mac Mini if itâ€™s of any help.",109,1528086591.0
9,e0320qn,t3_8oeiq0,shit_explosion,[Iâ€™m ready](https://i.imgur.com/lOsDj3n.jpg). (In Australia ðŸ‡¦ðŸ‡º),20,1528106458.0
10,e02se7b,t3_8oeiq0,deleted,Today is the first day of the rest of our lives. Give me AirPower or give me death!,91,1528087351.0
11,e030h6j,t3_8oeiq0,gnarlnick,Are my /r/iOSBeta shooters ready?,13,1528102830.0
12,e02v72y,t3_8oeiq0,AbsoluteRecord,"Probably wonâ€™t happen, but, new iPad Pro pls.",30,1528091828.0
13,e02us1d,t3_8oeiq0,Hankune,"Thumbs up if you are wanting an Apple Pencil 2 with an eraser function, that is all I ask for. ",62,1528091115.0
14,e0319io,t3_8oeiq0,Chrisixx,https://imgur.com/JKilLe1,41,1528104721.0
15,e02tq21,t3_8oeiq0,egeek84,I canâ€™t sleep tonight Iâ€™m so excited ,41,1528089395.0
16,e02waxn,t3_8oeiq0,maaacky,"Honestly, Iâ€™m personally hoping for a slight MBP refresh. Even if they just fix the keyboard. Iâ€™ve been holding out for as long as possible to replace my 2010 MBP, which is on its way out. If thereâ€™s no refresh, I have to admit Iâ€™d be a bit disappointed. And since I started grad school last month, I think Iâ€™d have to switch over to the new Surface Books or Surface Pros... Hoping thatâ€™s not the case.",11,1528093821.0
17,e02ryin,t3_8oeiq0,TheMightyCraken,Please new MacBooks Pros Iâ€™ve been holding out for quite a while.,51,1528086714.0
18,e02xzfq,t3_8oeiq0,lifehacker25,Hoping for some neat AI improvements across the board in iOS and Mac and iOS app unification would be great as a developer.,11,1528097167.0
19,e02u1wk,t3_8oeiq0,maxeljulio,Come ooooon bug fixes and stability improvements ,31,1528089924.0
20,e02rxt4,t3_8oeiq0,DoctorPepeX,Fix the damn MBP keyboards!,55,1528086685.0
21,e031nfg,t3_8oeiq0,_dyvil_,With the lack of leaks going into this event I am actually excited to see what they show off. I hope they keep it this locked down for the iPhone event in September too,8,1528105628.0
22,e03broz,t3_8oeiq0,lemonjuice804,"My gut tells me there will be a lot of complaining after this event. Remember to set your expectations *really* low. Iâ€™m seeing a lot of: â€œhope thereâ€™s new MacBooks, a refreshed Mac Mini, refreshed iPad Pros, an iPad Miniâ€ etc. If you expect nothing then you wonâ€™t be as disappointed. I used to do the same every year but Iâ€™m going in this year expecting nothing too drastic. Itâ€™s usually the same thing every year though (well in recent years it has been) and Iâ€™ll come back here in around 5 hours time seeing a ton of complaints about why we didnâ€™t get this and that. Also, remember that itâ€™s a *developers* conference which is supposed to focus on software. Yes, weâ€™ve had hardware announcements in the past but it doesnâ€™t mean weâ€™re guaranteed nor promised new hardware, especially not at a developers conference.  So yeah, set your expectations low and you wonâ€™t be as disappointed. You might even be surprised depending on what is announced. Who knows. ",8,1528121009.0
23,e02s18b,t3_8oeiq0,AlexOverby,Iâ€™m just curious - has Apple ever officially called it â€œaudioOSâ€? I havenâ€™t seen it anywhere,16,1528086819.0
24,e02vcxd,t3_8oeiq0,digiorno,I am hoping for an iPhone SE2.,24,1528092114.0
25,e02wqzc,t3_8oeiq0,dudeman316,Refresh the Macbook Pro pls Apple. It's overdue and needs a boost after all this bad publicity.  I'm trying to give you my money FFS,19,1528094672.0
26,e02twfz,t3_8oeiq0,deleted,Looking for some great stuff.   WWDC is something I love tuning into and you can bet ill be sitting in my strategy class watching the event in the back ;\) ,7,1528089680.0
27,e035b3z,t3_8oeiq0,knightcastle,"I know the rumours say otherwise, but I think thereâ€™s going to be at least *some* hardware tonight.   Weâ€™ll see. ",7,1528112810.0
28,e0361bi,t3_8oeiq0,git,"If thereâ€™s a Mac Mini, iMac, iMac Pro, Mac Pro, or any other desktop form-factor announced, Iâ€™m getting one.  If thereâ€™s a new Apple monitor Iâ€™m getting one.  If thereâ€™s a new generation of AirPods Iâ€™m getting them.  And Iâ€™m hoping thereâ€™s some sort of update on third-party AirPlay2 support.  Iâ€™m considering a receiver and some decent speakers.  Iâ€™m not all that hopeful for any of them, but I think thereâ€™s still a chance with some of them.  Same form-factor refreshes have snuck up without rumours before, and I could see displays, Minis, and iMacs not kicking up a fuss given the competition.  On the software front, the only thing Iâ€™m screaming out for is iCloud improvements.  Iâ€™d like it if it was a proper competitor to Googleâ€™s suite.  Iâ€™d very much prefer to use Appleâ€™s offerings due to their stance on privacy, but Googleâ€™s services are miles better currently.",6,1528113931.0
29,e030c5s,t3_8oeiq0,deleted,[gelÃ¶scht],35,1528102489.0
30,e037ik7,t3_8oeiq0,vanillagorilladx,Holding out hope for new MacBook Pros,6,1528116019.0
31,e03adtd,t3_8oeiq0,WindowsiOS,"I think iOS dark mode gets announced. The smart invert was a bridge to it. And itâ€™s already in MacOS code. Why not iOS? Iâ€™d seriously appreciate it too, and so would my eyes!",7,1528119529.0
32,e03bbhy,t3_8oeiq0,BlastTheNoise,Does anyone have the Keynote Bingo sheets ready for this year?,6,1528120533.0
33,e03cwdi,t3_8oeiq0,Mathesar,"**My software wishlist**  Reasonable:   - HomePod apps  - Richer HomeKit automations (trigger based on temperature, light level)  - Making Siri not worthless on macOS  Pipe Dream:   - Siri 2  - Custom Apple Watch faces  **My hardware wishlist**  Reasonable:   - Actually launching AirPower and AirPods wireless charging case  Pipe Dream:   - New iPad Pro",6,1528122171.0
34,e030a3h,t3_8oeiq0,TheAwakened,"Hope they don't bring out any new AirPods. I just bought a new pair and would hate for them to be ""old"" within a month.  If I can't have them, no one else should, either.",20,1528102358.0
35,e02tzij,t3_8oeiq0,X1XNobleX1X,Please new iPads!  ,17,1528089818.0
36,e02witc,t3_8oeiq0,MrGunny94,Iâ€™m really hoping for the Mac refresh. Really need a Quad Core 13â€,5,1528094242.0
37,e0392ry,t3_8oeiq0,JasonCox,It's 6 AM Pacific time and the store hasn't gone done yet. This doesn't bode well for those of us hoping for new hardware... That or Apple finally updated the store to let them do updates without taking it completely offline.,5,1528118023.0
38,e036vn6,t3_8oeiq0,OviraptorGaming,I canâ€™t wait for them to not show off a new iOS with Dark Mode!,8,1528115148.0
39,e02v1kh,t3_8oeiq0,uCry_iLoL,Can I watch this on my Galaxy S9?,5,1528091562.0
40,e035avm,t3_8oeiq0,dudenumber69,Iâ€™m so excited to immediately download that beta ,3,1528112800.0
41,e037dmc,t3_8oeiq0,deleted,I'm so excited for this.,4,1528115841.0
42,e03accu,t3_8oeiq0,balderoine,There were hardly any credible leaks. I am hyped but I have that nervous â€œgoing to the dentistâ€ feeling! ,4,1528119484.0
43,e03ak2i,t3_8oeiq0,ibpointless2,"All I ask for them to do is ""one more thing"". ",4,1528119718.0
44,e03b98a,t3_8oeiq0,DittoTrainer,What time is it gonna be in central european time? 22:00?,4,1528120467.0
45,e03bdjl,t3_8oeiq0,4look4rd,Regardless of what gets announced my MacBook pro 15 is out. Now the question is moving back to an XPS or a new MacBook.,3,1528120592.0
46,e02wzlg,t3_8oeiq0,iBluetus,"Other than SW that we'll get for sure, I expect to be surprised by iPhone SE2.  But if I already expect it that mean, I won't be surprised.  So, I can only disappoint, right? \( ; 0 ; \)  and please for iOS UI redesign...",6,1528095132.0
47,e039xdu,t3_8oeiq0,speed-of-sound,Prayer circle for iOS dark mode,5,1528119016.0
48,e0350rf,t3_8oeiq0,deleted,[gelÃ¶scht],3,1528112337.0
49,e036pot,t3_8oeiq0,NYKnickerbocker2,Is it 1 eastern yet?,3,1528114917.0
50,e0371xk,t3_8oeiq0,oriongt3,Third party watchfaces please!,3,1528115392.0
51,e03b8g5,t3_8oeiq0,link1995cc,"Is anyone else convinced weâ€™re getting a design overhaul. I know they â€œshelvedâ€ it to focus on stability but the event artwork all points to more 3D and, dare I even utter itâ€™s name, skeuomorphic design",3,1528120446.0
52,e03e88h,t3_8oeiq0,SpecFroce,Now Iâ€™m excited to see if we will get a Mac Pro update. ,3,1528123460.0
53,e03en9y,t3_8oeiq0,jetblue723,when does the apple store website usually go down before these events?,3,1528123858.0
54,e03f278,t3_8oeiq0,deleted,I just wanna see some cool shit!,3,1528124241.0
55,e03b5fu,t3_8oeiq0,BakingBadRS,If you're upset about the rumours of what Apple may or may not announce remember that the Gurman who brought us this: https://www.macrumors.com/2018/05/31/mark-gurman-wwdc-2018-preview/  also brought us this:  https://www.bloomberg.com/news/videos/2018-04-30/iphone-x-didn-t-live-up-to-the-hype-video   ,6,1528120359.0
56,e02s2v7,t3_8oeiq0,deleted,[gelÃ¶scht],2,1528086886.0
57,e02yk68,t3_8oeiq0,brewed_soma,"Very pleased with the ""dark mode"" leak on macOS already. Excited for the expected cross\-platform integration of iOS and macOS apps. The rumored MacBook Air refresh would seal the deal for this to be a great WWDC for me.",2,1528098416.0
58,e031t94,t3_8oeiq0,Swiftarm,Whatâ€™s the best way to watch this on my TV if I donâ€™t have Apple TV? Through Edge on my Xbox?,2,1528105989.0
59,e03200d,t3_8oeiq0,nxbiros,If there is a new watch coming out would that be announced?,2,1528106413.0
60,e036g22,t3_8oeiq0,jcrrn,"Unlike previous years, Iâ€™m going in with very little in the way of expectations. That way, anything is a bonus.",2,1528114548.0
61,e037qcs,t3_8oeiq0,deleted,I hope we get a surprise hardware update of some sort or a vastly re-done Siri.,2,1528116305.0
62,e038zna,t3_8oeiq0,RenegadeUK,Even if they don't unveil new Macbooks today. I hope they give insight and some info into what people can expect later on in the year including resolvement of any hardware issues that may have plagued them in recent times.,2,1528117917.0
63,e0397yq,t3_8oeiq0,iPerilous,Not going to be able to watch while itâ€™s live. Will there be a way to find the link to the replay after it has finished without being spoiled?,2,1528118199.0
64,e03a8ir,t3_8oeiq0,boedo,"I predict iPhone SE version 2, based on iPhone 8 hardware, with NO exterior design changes. I think it will still have a normal button, I don't think it will have 3D Touch, it's their cheapest phone, they'll keep it as that.",2,1528119367.0
65,e03cci2,t3_8oeiq0,bmcclure937,For those on Google Chrome. The [Native HLS Playback Extension](https://chrome.google.com/webstore/detail/native-hls-playback/emnphkkblegpebimobpbekeedfgemhof) always works nicely for these.,2,1528121612.0
66,e03cnvt,t3_8oeiq0,deleted,"I am hoping we see some iPad features, such as PiP mode and split-screen multitasking, come to the larger screens on the iPhone X and the iPhone 6S+, 7+, and 8+ too. ",2,1528121934.0
67,e03dfio,t3_8oeiq0,kidzonfire,"My body is ready. I'm hoping for the usual iOS fixes but I really hope for some surprises, especially for HomePod. ",2,1528122692.0
68,e03ej7g,t3_8oeiq0,speedy_162005,Currently my biggest ask is that Apple let me change the text tones on my Watch. I really hate the high pitched ding it makes.,2,1528123753.0
69,e03em3d,t3_8oeiq0,LLENNchan,"Going by the billboard, I am guessing this WWDC will have a lot to do with Augmented Reality.",2,1528123828.0
70,e03f0ax,t3_8oeiq0,wiseminds_luis,Hopefully they announce the iPhone SE 2!! With some of X features!,2,1528124192.0
71,e02z135,t3_8oeiq0,Dracogame,So... Do we have any hope for a decent version of Mail for the next OS? It sucks since Mac OS 10.0,3,1528099460.0
72,e02zzfu,t3_8oeiq0,ninomojo,"I wanna see :  - the death of the new butterfly keyboards - **the death of mandatory TouchBar to max out a MacBook Pro** - the return of a goddamn wired keyboard with numpad that doesn't cost 150 goddamn dollars - 32 gigs of RAM on a MacBook Pro without shit battery life  Thank you Santa. Failing almost all of the above, my next upgrade will be a used Retina from 2015 or so.",10,1528101649.0
73,e0303xo,t3_8oeiq0,deleted,what is it with like 80% of the events having weird titles and are â€˜to be announcedâ€™? will they announce the full schedule with the first event?,4,1528101941.0
74,e031p6o,t3_8oeiq0,deleted,Default apps finally,4,1528105733.0
75,e03e1me,t3_8oeiq0,deleted,Imagine if they ask Siri to start a timer on stage and then ask her to start ANOTHER timer....imagine how sad it would be if everyone clapped and cheered for that.  Canâ€™t wait to see what Apple has next.,5,1528123283.0
76,e02u02k,t3_8oeiq0,beef99,"space gray airpods, and a round-faced apple watch. pls.  i know neither will happen, but a man can dream...",2,1528089843.0
77,e037c45,t3_8oeiq0,macboer,"Hope they tell us, ""We spent all our time fixing shit. Here you go, we fixed it."" -iCandream",2,1528115782.0
78,e0382da,t3_8oeiq0,blowqueen,If they donâ€™t release a new MacBook Iâ€™m going with a decked out windows laptop. Iâ€™m not buying a laptop with a faulty keyboard that has multiple class action lawsuits. If they refresh it with a keyboard that has the same problems it will be even worse...,2,1528116738.0
79,e03azy6,t3_8oeiq0,moldy912,Why do people think there will be new hardware? This has always been a mostly software event. You will be disappointed if you expect new hardware.,2,1528120196.0
80,e02u9wg,t3_8oeiq0,zer0ground,I donâ€™t care about new hardware this time around.  I just want Siri to work better.,1,1528090283.0
81,e02wzpz,t3_8oeiq0,atigp,Have been hoping Apple will include some things I sorely miss in iOS and every year I get disappointed. This time I made a list and explained what we need and why.  https://medium.com/@gitapal/wwdc18wl453535-286d9b5f40a2,1,1528095139.0
82,e02z15g,t3_8oeiq0,predator5070,"iPhone SE 2 please, honestly tho I donâ€™t even expect anything fancy, itâ€™s fine if they just keep the same 5S design and upgrade to A11 chip so its hardware is up to date.",1,1528099464.0
83,e035jil,t3_8oeiq0,deleted,Any chance that AirPods 2nd generation are going to look different from AirPods 1st generation?,1,1528113187.0
84,e035k77,t3_8oeiq0,Nickp1991,Now everybody feels pumped up for WWDC,1,1528113216.0
85,e037san,t3_8oeiq0,Mentioned_Videos,"Videos in this thread: [Watch Playlist &#9654;](http://subtletv.com/_r8oeiq0?feature=playlist)  VIDEO|COMMENT -|- [Leaks](http://www.youtube.com/watch?v=VzrFJAyqCS0)|[+1](https://www.reddit.com/r/apple/comments/8oeiq0/_/e037roc?context=10#e037roc) - http://www.youtube.com/watch?v=VzrFJAyqCS0 [Jony Ive Saying ""Aluminum""](http://www.youtube.com/watch?v=g_HMXVm9zFs)|[+1](https://www.reddit.com/r/apple/comments/8oeiq0/_/e02ykpm?context=10#e02ykpm) - I believe you meant to say alyouminiyum. [Timo Maas feat. Brian Molko - First Day](http://www.youtube.com/watch?v=xdpcjtRW2jY)|[+1](https://www.reddit.com/r/apple/comments/8oeiq0/_/e02x9vq?context=10#e02x9vq) - Youâ€™re damn right. I'm a bot working hard to help Redditors find related videos to watch. I'll keep this updated as long as I can. *** [Play All](http://subtletv.com/_r8oeiq0?feature=playlist&ftrlnk=1) | [Info](https://np.reddit.com/r/SubtleTV/wiki/mentioned_videos) | Get me on [Chrome](https://chrome.google.com/webstore/detail/mentioned-videos-for-redd/fiimkmdalmgffhibfdjnhljpnigcmohf) / [Firefox](https://addons.mozilla.org/en-US/firefox/addon/mentioned-videos-for-reddit)",1,1528116377.0
86,e038qq5,t3_8oeiq0,deleted,"I'm way too excited for something I expect to be far from exciting. Anticipating a bit of disappointment since I don't expect anything particularly novel plus fully anticipating no MacBook Pro hardware upgrades (what I'd actually appreciate). Yet, with all this negativity, I'm still excited and pumped. My brain says it ain't happening but my body don't give a fuck.    Going to brainstorm myself into some realistic hype right now so I can come away with something from this. Probably can be most interested in apple's push of AR tech/development. Plus the increasing investment in education based tech as a potentially huge market for their iPad-stylus pair plus the increasing number of educational apps/push for ed apps.   Would be great to see AR pushed (and brainstormed) as a means of improving education and the learning experience. Hoping for some dope AR concepts for **feasible** classroom integration (not just rich kid dream world stuff) at the very least. Still will be nice to see what apple envisions for the direction and usefulness of AR technologies. Think the iPad will play a big part in AR in the classroom, at least until glasses can be more affordably integrated by, perhaps, using smartphones as smartglass controllers and as the bulk of the computing power. Sky's the limit with this stuff, hope apple has some great ideas to ponder for ed and AR. ",1,1528117611.0
87,e039b1v,t3_8oeiq0,FirstBeer,Iâ€™m gonna excited about the fact that there have been so few leaks this year. I missed those years of secrecy.   All Iâ€™m really hoping for is that the rumor about Apple focusing on fixing bugs and just the general quality of software is true. Iâ€™d be happy if they did that and didnâ€™t even add a single new feature. I became an iPhone user back in 2011 because I hate crappy software and iOS was damn near flawless. Fast forward to now and itâ€™s lost that. I want that back. Letâ€™s see what happens. ,1,1528118300.0
88,e039lrs,t3_8oeiq0,Nickp1991,I'm curious what Apple has in store for Siri ,1,1528118647.0
89,e03aadn,t3_8oeiq0,PaysWith2DollarBills,"At best, Iâ€™m expecting the Wireless charging AirPod case and the Power Mat. I donâ€™t see any other hardware announcements. ",1,1528119423.0
90,e03bxg3,t3_8oeiq0,KikkoAndMoonman,Logic Pro 11?,1,1528121177.0
91,e03e3oc,t3_8oeiq0,cmnthom,EDT,1,1528123337.0
92,e02typi,t3_8oeiq0,coffee-9,Crossing my fingers for an iPhone SE 2. Goodbye iPhone X!,0,1528089782.0
93,e02xhia,t3_8oeiq0,Cubi_Reviews,"I hope they've focused on Siri. Just seeing what Alexa and espeacially Google can do, it's about time to update Siri.  Better iPhone notifications is another thing they have to show.  On the HW side I'm not too interested, because I just don't want to buy a new Mac, iPad or iPhone. But a new entry level Macbook (new Air) would be nice. Maybe a new Air could convince my wife to (finally) get a new laptop.",1,1528096122.0
94,e0311n0,t3_8oeiq0,AdditionalExcitement,"If no Mac mini, may Tim Cook feel shame",1,1528104203.0
95,e03cjfv,t3_8oeiq0,ladoo20,GIMME NATIVE CHALLENGES APP FOR APPLE WATCH ... pls ,1,1528121810.0
96,e03di9z,t3_8oeiq0,AcrobaticMoment,I only need one thing from this event : screw the new phones and devices   All I need is dark mode for MAC OS 14  Please donâ€™t disappoint me Apple.  ,1,1528122766.0
97,e03fdqx,t3_8oeiq0,cm0011,I want them to improve Siriâ€™s AI. Itâ€™s kind of embarrassing compared to Google Assistant right now.  And Iâ€™d just love to see them delve more into their virtual assistant and the AI behind it.    Also I hope they keep supporting iPhone 6.,1,1528124540.0
98,e039ssu,t3_8oeiq0,SpeedNut,"I got a S3 Nike watch last week.  Probably Apple Watch S4 Announce, and the price drop just far enough out that I can't price match it.",1,1528118871.0
99,e03a0aj,t3_8oeiq0,AlexOverby,Is there a way to watch this stream with a Roku device? :/,1,1528119110.0
100,e03dh3t,t3_8oeiq0,EastContact,I'm interested to see how Apple spins skeumorphism as being suddenly better than flat design now. ,1,1528122734.0
101,e03ewah,t3_8oeiq0,deleted,Is it weird that all Iâ€™m hoping for is finally getting raw support for the A7 III in iOS?,1,1528124088.0
102,e02sg98,t3_8oeiq0,CrazyBoDevola,"A version of HomePod to compete with google Home etc. Complimented with better Siri, AppleTV integration..",0,1528087434.0
103,e03atzj,t3_8oeiq0,WindowsiOS,Iâ€™d also really like mouse support for iPad!!,0,1528120016.0
104,e02skyb,t3_8oeiq0,IAmTaka_VG,Iâ€™m ready to be disappointed. I really wish I didnâ€™t feel that way but the last two WWDC have left me bitter. ,-2,1528087631.0
105,e02vyox,t3_8oeiq0,deleted,[gelÃ¶scht],0,1528093189.0
106,e037dnb,t3_8oeiq0,deleted,"Iâ€™m debating on taking a sick day today to watch it and download the beta and maybe order AirPods (w/ wireless charging case)/AirPower if theyâ€™re ever released! Iâ€™ll def be taking a sick day during the day hardware announcements in the Fall, just donâ€™t know if I should today as well. How boring can this WWDC be? Surely Apple has a few surprises.",0,1528115841.0
107,e02zsbh,t3_8oeiq0,vidariusen,Watch faces! Watch faces! Watch faces! Watch faces! Watch faces! Watch faces! Watch faces! Watch faces! Watch faces! Watch faces! Watch faces! Watch faces! Watch faces! Watch faces! Watch faces! Watch faces! Watch faces! Watch faces! Watch faces! Watch faces! Watch faces! Watch faces! Watch faces! Watch faces! Watch faces! Watch faces! Watch faces! Watch faces! Watch faces! Watch faces! Watch faces! Watch faces! Watch faces! Watch faces! Watch faces! Watch faces! Watch faces! Watch faces! OHGODPLEASE! Watch faces! Watch faces! Watch faces! Watch faces! Watch faces! Watch faces! Watch faces! Watch faces! Watch faces! Watch faces! Watch faces! Watch faces! Watch faces! Watch faces! Watch faces! Watch faces! Watch faces! Watch faces! Watch faces! Watch faces! Watch faces! Watch faces! Watch faces! Watch faces! Watch faces! Watch faces! Watch faces! Watch faces! Watch faces! Watch faces! Watch faces! Watch faces! Watch faces! Watch faces! Watch faces! Watch faces! Watch faces! Watch faces!,-6,1528101184.0
108,e02smx3,t1_e02rysn,FlyBlueJay,"Same, but hopefully it doesn't mean a lack of things to show off. Although Apple is apparently getting tougher on leakers. ",413,1528087711.0
109,e02tfm7,t1_e02rysn,ExtremelyQualified,They've usually been way better at software leaks. Nobody saw Swift coming. ,56,1528088939.0
110,e034gp3,t1_e02rysn,cocobandicoot,"Everyone is saying, ""Oooh, nothing has leaked, I bet the new MacBook Pro is going to be sweet.""  I do not believe there is going to be any new MacBook Pro today, and everyone who is hopeful / excited about what they're showing off is going to be disappointed. I hope I am wrong.",14,1528111394.0
111,e02xfde,t1_e02rysn,riepmich,"I really appreciate this. The iPhone X was spoiled almost a year prior, which completely ruined the Keynote for me, so this is a welcome change.",12,1528096005.0
112,e03a4me,t1_e02rysn,st_griffith,"The cause isn't just the tightened security, but more like the lack of things to leak.",3,1528119246.0
113,e03d9dp,t1_e02rysn,deleted,Thereâ€™s nothing to leak ,3,1528122528.0
114,e03bj3x,t1_e02rysn,botolo,"We will find out right away if this is true. In this case, I am sure Tim will say something right at the beginning of the keynote: â€œIt seems like we are doing a good job with leaks.â€",2,1528120755.0
115,e03b5x0,t1_e02rysn,simonsb,"Most likely means it'll mostly be software stuff announced today. Software is all internal and controllable, whereas the hardware supply chain in China and elsewhere is easier to leak from.",1,1528120373.0
116,e03drvm,t1_e02rysn,deleted,"Yeah, I really dislike having announcements spoiled and not given a proper presentation. Good features/things can flop because of initial impressions.",1,1528123025.0
117,e037pse,t1_e02rysn,GrenobleLyon,Here are the expectations  * iOS 12  * MacOS 10.14 with its Dark mode/dark appearance  * AirPods 2  * ~~MacBook Pro with OLED screen~~  * Apple News  * ARKit 2  * Digital health against addictions  * AirPower  * project Marzipan : iOS apps on MacOS,1,1528116284.0
118,e02tw2s,t1_e02svw5,shane1333,Might be in luck https://www.google.com/amp/s/www.slashgear.com/macbook-pro-with-six-cores-32gb-ram-dark-macos-to-debut-at-wwdc-03532752/amp/,37,1528089665.0
119,e02zk86,t1_e02svw5,Enclavean,"I need a new iPad Pro. I leave for uni september and have to buy it before that. If its released in october which i fear it is iâ€™ll have to to settle for the current gen, one month before the new one is released.",16,1528100667.0
120,e02xwoi,t1_e02svw5,deleted,"Same situation, gave up and bought a refurbed 2017. Gotta keep it in pristine condition so that I can resell it for a 2020 model. ",9,1528097003.0
121,e0389p3,t1_e02svw5,ImNotFallingImFlying,Wait for the September event. You can use any computer at all for a CS-degree. I just completed mine using a MacBook Air (mid 2011).  Most courses havenâ€™t changed much since the 80s sadly...,4,1528117001.0
122,e03cwl9,t1_e02svw5,hbs2018,"In the same situation, freshmen in the fall and hoping for a refreshed mbp so I can head into college without a 5 year old mba..",1,1528122177.0
123,e031hby,t1_e02vpub,doggieassassin,"""Where is AirPower?""",126,1528105244.0
124,e02vr0p,t1_e02vpub,exjr_,"""We still have a messed up Notification system""",239,1528092805.0
125,e02y809,t1_e02vpub,kadupse,â€œThey didnâ€™t change the volume HUD! Literally unusableâ€ ,174,1528097672.0
126,e0344wx,t1_e02vpub,WorkingPsyDev,"Pick one:   ""They just don't *innovate* anymore. All their updates are minor fixes, no big vision or *innovation*""  ""They don't care about their *power users*, and are too vain to commit to bug-fixing and minor improvements. It's all just useless flashy features""",63,1528110808.0
127,e037t3q,t1_e02vpub,deleted,"""Even though the presentation was 95&#37; focused on iOS, they focused too much on macOS!""",8,1528116406.0
128,e033sz5,t1_e02vpub,In_Dust_We_Trust,no new iPhones?,8,1528110198.0
129,e038jmm,t1_e02vpub,CysterAcne,EMOJIS! ,2,1528117353.0
130,e03dlax,t1_e02vpub,GetawayDriving,"""Google's was more impressive""",1,1528122849.0
131,e03dpmz,t1_e02vpub,KarmaAddict,All Notes!!! ,1,1528122967.0
132,e02snoc,t1_e02rt7n,FlyBlueJay,Are you hoping for iMacs or MacBooks?,94,1528087742.0
133,e02tpur,t1_e02rt7n,gaysaucemage,"It's looking very unlikely at this point.   But I was hoping for a new MBP with an Intel Core i9-8950HK CPU and a better GPU, maybe a slightly better keyboard. ",19,1528089386.0
134,e03bgvw,t1_e02rt7n,paranoideo,Mac Mini!,3,1528120691.0
135,e034o2v,t1_e02tr74,ballandabiscuit,Don't forget the volume UI. ,25,1528111739.0
136,e02ye4w,t1_e02tr74,jeffa_jaffa,"Well if the rumours of the macOS dark mode are right, it makes sense to have an iOS dark mode as well. I never knew how much I wanted a macOS dark mode until I started to see the rumours!",30,1528098045.0
137,e02vzki,t1_e02s7vo,phytrx,I literally have the stack of money beside me just waiting to throw it at my screen ,95,1528093235.0
138,e034igy,t1_e02s7vo,cocobandicoot,"That... doesn't seem like something they'd introduce at WWDC. iPhones are typically a fall announcement, but they've had some wildcards before.",23,1528111480.0
139,e0394hm,t1_e02s7vo,Drim498,"Not impossible, but donâ€™t get your hopes up. Hardware is usually only announced at WWDC if it is directly relevant to developers. (Again, exception have existed, but they are few). So unless there is some reason the SE 2 would be special to developers compared to other/current iPhones, I wouldnâ€™t expect them to announce it...",2,1528118084.0
140,e02spme,t1_e02s9p4,DoctorPepeX,I wanna hear Jony Ive say iPhone Sex,131,1528087821.0
141,e03b27r,t1_e02s9p4,DittoTrainer,lets get sickning!,1,1528120263.0
142,e02xng9,t1_e02w4gj,soramac,"The iPad part of the iOS keynote was super exciting last year, hoping to see the same again. ",13,1528096461.0
143,e02rxly,t1_e02rvir,exjr_,> What should I look forward to?  News about what you should expect for your devices on September (updates). We will hear about iOS 12 (For your iPad and iPhone) and about the new macOS version (for your Mac).   Maybe new hardware ,107,1528086678.0
144,e030kvj,t1_e02rvir,gnarlnick,Just get hype about iOS 12 & the next MacOS.  Cheer/cry about any changes/improvements/etc and get your body ready for the beta.,9,1528103075.0
145,e02ychs,t1_e02rvir,jeffa_jaffa,"Iâ€™m in the same boat as you. I got my iMac a smidge over a year ago, and I iPhone 7+ a couple of months later. I suppose technically I was a Mac user for last years WWDC, but it was all so new I wasnâ€™t really paying much attention. ",5,1528097944.0
146,e034jbx,t1_e02rvir,Enclavean,Similar boat here. Ive been using iOS devices for year but this is my first year with a Mac too. ,2,1528111519.0
147,e03dwhv,t1_e02rvir,deleted,> What should I look forward to?  Having bandwaggoners tell you your equipment is out of date.,1,1528123147.0
148,e03ewhn,t1_e02rvir,GTFOScience,Keep your expectations low.   Every update is minor and thatâ€™s ok. ,1,1528124094.0
149,e034lrw,t1_e0320qn,crunchtaco,1:00pm for me so I get to wait all day and go to work right after ðŸ™„,5,1528111631.0
150,e02szpg,t1_e02se7b,Comedicjustice,I hope so as well.   I just donâ€™t want it to cost > $150. Given itâ€™s multiple device charging surface I can maybe justify $99 given that apple quality is usually top notch.    But... I doubt itâ€™ll be priced below $100. ,44,1528088247.0
151,e0323ym,t1_e02se7b,HolyFreakingXmasCake,It would be hilarious if they never mention it again.,7,1528106659.0
152,e02x9vq,t1_e02se7b,marty3026,Youâ€™re damn right. https://youtu.be/xdpcjtRW2jY,1,1528095698.0
153,e030i44,t1_e030h6j,exjr_,"As soon as iOS 12 Beta is released I will be installing it on my X. Iâ€™m more than ready.   I will also take the risk and update my Apple TV, Watch and Mac",17,1528102892.0
154,e0352j8,t1_e02v72y,AskingUndead,I keep wishing for an iPad Mini Pro (or just a new one in general) but....i'm probably ganna have to keep on wishing :(,5,1528112419.0
155,e0380zc,t1_e02v72y,GXLye,ðŸ™ Hope so .. I gave up on a $150 discount with free Apple Pencil ðŸ˜Ÿ,3,1528116687.0
156,e03b8b5,t1_e02v72y,KhajiitLovesCoin,The iPads have been getting updated quite often(except the mini)and I donâ€™t see much point for yet another update right now. We have many other devices that need updating much worse that I would rather see. That and the current issues with the MacBook Pros needing a fix.,2,1528120442.0
157,e034m81,t1_e02v72y,cocobandicoot,Unpopular opinion: the iPad Pro is a waste of money because it doesn't feature enough differentiation from the standard iPad.,3,1528111652.0
158,e02vt5j,t1_e02us1d,deleted,[gelÃ¶scht],9,1528092911.0
159,e03ck9p,t1_e02us1d,rwills,I really enjoy my Wacom one that has button that can be programmed to be an eraser. Its a lot better than having to flip it over.,1,1528121833.0
160,e02u07t,t1_e02tq21,coffee-9,Nothing some whiskey or wine canâ€™t fix!,23,1528089849.0
161,e03c89o,t1_e02waxn,ShaidarHaran2,"Yeah, the right chips are out for a refresh, with 28 watt ULV quad cores paired with Iris Plus for the 13"" now. I know Gurman said they weren't coming to this event but I hope he's wrong, they don't have to spend much talking time on them but they're ripe for an update, hopefully also addressing the keyboard jamming.    I've stuck to 15""ers all my life for core count, dual core ULVs never cut it for me, but quad core ULVs are a substantial step forward. ",1,1528121490.0
162,e02wms1,t1_e02waxn,InTheBusinessBro,"Well, there's still the MBP 2017. Is this just for note taking?",-2,1528094455.0
163,e03bc0d,t1_e02ryin,KhajiitLovesCoin,I just want them with at least a minor refresh that includes a quality keyboard.,3,1528120548.0
164,e034kmm,t1_e02ryin,cocobandicoot,You're probably going to have to keep holding out. (Sorry.),1,1528111577.0
165,e0348aq,t1_e02xzfq,MrOaiki,"Yeah, Iâ€™d love for Siri to tell me â€œthis is what I found on the internetâ€ across platforms. ",0,1528110976.0
166,e02xee5,t1_e02rxt4,urbworld_dweller,"If Tim Cook walked out and announced, *We have new MacBook Pros with new keyboards that work*, then walked off stage and that was the whole event, Iâ€™d be happy.",73,1528095951.0
167,e02zqgk,t1_e02rxt4,lachlanhunt,"I just want them to increase the travel for the keys, back to what it was before the butterfly mechanism.",2,1528101064.0
168,e02scck,t1_e02s18b,exjr_,It's the internal name. They just call it Homepod X (where is X is version #)  I like to call it audioOS instead for uniformity,16,1528087273.0
169,e02vumc,t1_e02s18b,deleted,I think the HomePods just run on iOS ,2,1528092986.0
170,e031aei,t1_e02vcxd,iamz3ro,Yes!,4,1528104781.0
171,e03d4pv,t1_e02wqzc,silveraw,For some reason I thought they were just letting it die out and have it's spot be replaced by the macbook.,2,1528122401.0
172,e03c5pr,t1_e0361bi,ThePegasi,"Iirc the new Mac Pro isn't coming out til next year, and the new display is coming along with it. A new Mac mini would be perfect, but at this point I'd be pretty surprised as it's had even less acknowledgment than the Pro.",1,1528121419.0
173,e0320ve,t1_e030c5s,kitsune_hi,Fair enough,5,1528106466.0
174,e038eqk,t1_e030c5s,kael13,"Faster compiling swift that can handle performance intensive tasks? A big ask, I know. ",2,1528117176.0
175,e039986,t1_e030c5s,mastorms,I've been meaning to get back to learning programming for years and the hype on Swift now coming into version 5 is very exciting. Xcode on iPads?,1,1528118241.0
176,e03dtib,t1_e03cwdi,deleted,[gelÃ¶scht],1,1528123068.0
177,e037mm1,t1_e030a3h,LausanneAndy,Hope they DO bring out new AirPods + AirPower .. I lost mine skiing back in frickin February and I've been waiting impatiently ever since .. had to go back to the horror of tangled cords ..   .. so sorry mate - I've been waiting longer,5,1528116166.0
178,e02v74l,t1_e02v1kh,exjr_,"You will know tomorrow for sure. Apple says:  > Other platforms may also be able to access the stream using recent versions of Chrome or Firefox (MSE, H.264, and AAC required).""  If it doesn't work, I will provide a VLC link in the Event Megathread",10,1528091830.0
179,e03bcz1,t1_e03b98a,Iniura,7pm,3,1528120575.0
180,e03ch1l,t1_e03b98a,Westar777,7 pm is the central European summer time. I think for CET its 8 pm. But make sure if you use summer time or not.,2,1528121742.0
181,e03c7p4,t1_e03bdjl,Lambaline,Same,1,1528121475.0
182,e03dllw,t1_e03bdjl,trillgates,Why?,1,1528122858.0
183,e03f8cs,t1_e039xdu,Coffin__Varnish,That's basically the only thing I want.,1,1528124401.0
184,e03bk1e,t1_e03b8g5,superjoho,"I really wish this was the case, but I honestly doubt it. All rumors point to stability improvements and nothing more. I think the focus of this year will be ARKit 2.0. And dark mode is probably exclusive to macOS and not iOS. :\(",4,1528120782.0
185,e02t1ty,t1_e02s2v7,Comedicjustice,"HomePod was released a few months ago and theyâ€™re releasing it in other countries in a few weeks. Highly doubt weâ€™ll see a second version.   As for airpods 2, my guess is in september with the next iPhone. Theyâ€™re still selling really well. Maybe the wireless charging case will come out tomorrow. ",2,1528088341.0
186,e03bfkz,t1_e02yk68,4look4rd,My problem with dark mode is that websites always look like shit. Most web pages are bright and they contrast too much with a dark browser + environment.,1,1528120652.0
187,e03blro,t1_e031t94,deleted,"I guess that could work. If not, does Xbox have a VLC app?",1,1528120833.0
188,e032bw3,t1_e03200d,ADefiantGuy,watchOS 5 will be announced. But no new watch hardware. That will be September.,3,1528107158.0
189,e039k5d,t1_e0397yq,omarabbasi,You can visit this link after the keynote to go directly to the video:  https://www.apple.com/apple-events/june-2018/,2,1528118596.0
190,e03cx5p,t1_e03cci2,Shyam09,">Other platforms may also be able to access the stream using recent versions of Chrome or Firefox (MSE, H.264, and AAC required).""  You shouldn't need it this time around. ",2,1528122193.0
191,e03e81v,t1_e03cnvt,bobbytheman123,I never understood the desire for multitasking etc on a phone. The screen is far far far too small. Idk why Samsung boasted about it in their ads all those years ago.,1,1528123454.0
192,e030a1q,t1_e02z135,deleted,[gelÃ¶scht],6,1528102354.0
193,e0307j6,t1_e0303xo,sethoftheyear,They're always like that before the event kicks off because they can sometimes spoil the WWDC Keynote content.,11,1528102181.0
194,e034mmb,t1_e031p6o,crunchtaco,Doubt ,5,1528111672.0
195,e03e35b,t1_e03e1me,Anonasty,The Verge Podcast... (Source),3,1528123323.0
196,e02u1zz,t1_e02u02k,exjr_,"That sounds like something that can be announced on September, not today",13,1528089928.0
197,e02u358,t1_e02u02k,egeek84,I donâ€™t know why but I feel like the space gray AirPods will happen.  They did recently introduce and start selling separately the space gray Magic Mouse 2 after all,2,1528089981.0
198,e033esv,t1_e02u02k,JimmyScramblesIsHot,Woah Iâ€™d be Day 1 on space grey AirPods. For now they look too much like the free EarPods.,1,1528109438.0
199,e0382s8,t1_e037c45,jmnugent,Big software companies are always constantly fixing things. That's the nature of software.,2,1528116753.0
200,e038538,t1_e0382da,deleted,â€œDecked out Windows laptop.â€ LOL,1,1528116835.0
201,e0390zf,t1_e0382da,windowsphoneguy,"It's a developers conference, not a hardware keynote",-1,1528117963.0
202,e03b7cg,t1_e03azy6,proyb2,Have you seen last year WWDC?,2,1528120413.0
203,e035bfu,t1_e02u9wg,deleted,"I cmd-f for â€œSiriâ€ and found that each comment mentioning Appleâ€™s lagging technology has been downvoted. Weird.   Siri was awesome five years ago, but it hasnâ€™t kept pace. I frequently need to manually enter addresses to route directions, make manual corrections to appointments, and have no options for looking up information online besides picking up my ipad and typing my searches. And forget integration with any of my non-Apple apps.   I hope some of this changes today.  ",3,1528112825.0
204,e034d21,t1_e02u9wg,MrOaiki,Itâ€™s a developers event aimed at software. I doubt theyâ€™ll announce any hardware at all. ,-1,1528111214.0
205,e03euh6,t1_e03di9z,ADefiantGuy,Looks like that might be happening: https://9to5mac.com/2018/06/02/leaked-macos-10-14-screenshots-show-off-new-dark-mode-apple-news-app-xcode-10/,2,1528124044.0
206,e03dn8t,t1_e03dh3t,deleted,[gelÃ¶scht],1,1528122902.0
207,e03dqbn,t1_e03atzj,deleted,[gelÃ¶scht],0,1528122984.0
208,e02yjja,t1_e02vyox,GodCake,A goat with no beard,2,1528098376.0
209,e038j45,t1_e037dnb,deleted,Yolo,2,1528117334.0
210,e02sww9,t1_e02smx3,Comedicjustice,I think tomorrowsâ€™ events will really show whether or not the lack of leaks is credited to the crackdown or just a lackluster showcase of new stuff. Iâ€™m hoping for the former. ,204,1528088127.0
211,e02syo3,t1_e02smx3,aklbos,"At the very least it will be a good test of their effectiveness at controlling leaks.  If a lot of unleaked stuff is announced, then they've gotten good at controlling leaks.  If not, then they probably haven't.",34,1528088203.0
212,e0386vd,t1_e02smx3,WinterCharm,"Yeah. All those people saying ""no new hardware"" are talking out their ass because they don't remember a time when Leaks were not a thing... and they've all lost their sources inside apple. ",2,1528116899.0
213,e02xai1,t1_e02tfm7,Mr_JellyBean,"I guess it's because it's easier to contain software projects as opposed to hardware ones that get designed and then go into production, there would just be too many moving parts to contain.",33,1528095731.0
214,e03bhb6,t1_e034gp3,deleted,[gelÃ¶scht],5,1528120703.0
215,e03fbus,t1_e034gp3,JakeHassle,"Probably just a spec bump if anything, they did one last WWDC and everyone then said there would be no hardware announcements.",1,1528124491.0
216,e03an7f,t1_e037pse,Domo_dude,Macbook Pro definitely isnâ€™t coming ,2,1528119813.0
217,e03basz,t1_e037pse,radmarshallb,Expectations? Jesus.,1,1528120513.0
218,e0316cg,t1_e02tw2s,schrodingers_cat314,"That is probably a hackintosh. The 14,3 is the 2017 15"" version.",28,1528104510.0
219,e02vruz,t1_e02tw2s,EastCoast2300,"I saw that. I am doubtful Apple would release a DDR4 laptop, but I am definitely crossing my fingers! I would probably go for the 13 in anyway, just because of the cost + portability.",27,1528092846.0
220,e034jxg,t1_e02tw2s,cocobandicoot,"That article seems like it has a lot of wrong information in it. For example, the model number they claim is literally the same model number of the existing MBP.",8,1528111547.0
221,e03bzj0,t1_e02tw2s,jmkni,"32GB of Ram in a MBP would sell me, even with the touch bar.",2,1528121240.0
222,e032fel,t1_e02zk86,deleted,The current gen iPad Pro is still dope though,38,1528107375.0
223,e033wpg,t1_e02zk86,Bapesyo,Whatâ€™s the reason for having to buy it before you leave university?,2,1528110395.0
224,e030wyn,t1_e02zk86,drunkspaniel,"At that point Iâ€™d almost go for the cheap iPad, use that for a month then sell it and upgrade to the new pro.  Rather than just buying a year old device.",3,1528103895.0
225,e02yqtz,t1_e02xwoi,EastCoast2300,"Why would you give up? You never know, they may end up pulling through tomorrow!",5,1528098827.0
226,e033u7p,t1_e031hby,erasmustookashit,Yeah but...  ...in all fairness...  ...*where the fuck is AirPower?*,78,1528110264.0
227,e037i8o,t1_e031hby,deleted,"AirPower  I want real [Air Power](https://www.tomsguide.com/us/energous-watt-up-hands-on,news-26425.html).",2,1528116007.0
228,e037jap,t1_e031hby,deleted,Iâ€™ll be one saying that. I hope weâ€™re able to order one soon!,1,1528116046.0
229,e03ax80,t1_e031hby,Eddytion,"""Who is AirPower?""",1,1528120112.0
230,e034hna,t1_e0344wx,Enclavean,*Canâ€™t innovate anymore my ass* ,18,1528111441.0
231,e037i4k,t1_e033sz5,deleted,Those are usually released at the fall event.,1,1528116003.0
232,e02spae,t1_e02snoc,snapyobagels,Yes,366,1528087807.0
233,e02svbp,t1_e02snoc,Comedicjustice,Macbook pros pretty please,73,1528088061.0
234,e02xfak,t1_e02snoc,Shyam09,This is why the Mac mini doesnâ€™t get updated. No one gives a fuck about it. ,37,1528096001.0
235,e030y97,t1_e02snoc,mb862,Mac nano.,11,1528103980.0
236,e03e1c5,t1_e02snoc,Anonasty,eMac?,1,1528123276.0
237,e02vyae,t1_e02tpur,sastarbucks,They are listed as not shipping for a couple of weeks in the store currently.,20,1528093169.0
238,e033rvj,t1_e02vzki,bracketslash,Hey itâ€™s me ur screen,195,1528110140.0
239,e0384v5,t1_e02vzki,mastorms,Pics please. Reddit is very particular about the word 'literally.',-1,1528116827.0
240,e039kxc,t1_e034igy,banhammer1,"Im pretty sure they announced the original se at wwdc, but i could be wrong.",1,1528118622.0
241,e03f2tr,t1_e034igy,cm0011,Wasnâ€™t SE introduced at a WWDC?,1,1528124258.0
242,e03adux,t1_e0394hm,-niteowl,True. iPhone SE was announced out of cycle though. Just hoping. ,3,1528119530.0
243,e02uivk,t1_e02spme,RaptorCentauri,Unapologetically,80,1528090688.0
244,e02uemx,t1_e02spme,goldygofar,"iPhone six, made out of alyouminimum and courage",43,1528090498.0
245,e030xsk,t1_e02xng9,drunkspaniel,That whole section was excellent and sold me on the iPad Pro right away,3,1528103949.0
246,e032m6r,t1_e02xng9,moradizox,"If Bloomberg's Mark Gurman is right then don't expect it this year, however iOS 13 is going to give the iPad the same love treatment it got with iOS 11",1,1528107787.0
247,e02rz6w,t1_e02rxly,deleted,So the primary focus will be on software?,46,1528086741.0
248,e03dwhn,t1_e034lrw,Lewisf719,6pm for me in London. I get to watch it after work :),3,1528123147.0
249,e02vahm,t1_e02szpg,No1ARSoul,"Well, look at it this way:  Apple current sells two third party wireless chargers from Belkin and Mophie, both are US$49.95.  AirPower mat can charge three devices at once in it.  $49.95 x 3 = $149.85  $149 seems like a pretty good guess.",19,1528091996.0
250,e033tue,t1_e02szpg,bracketslash,Take the highest price you *want* to pay and add $50-100.,3,1528110244.0
251,e030ok6,t1_e030i44,gnarlnick,Same. Idgaf about the bugs as long Iâ€™ve got that new new.  I mean we can always revert back if itâ€™s too annoying (lord knows how many times Iâ€™ve done clean installs).  Really excited to see if iOS 12 is truly about performance/stability.,14,1528103322.0
252,e033uqw,t1_e030i44,gaysaucemage,Careful with WatchOS if it's messed up you have to send it in to Apple to downgrade.  I had an issue with WatchOS 4 beta that basically bricked my watch and had to send it in for about 10 days.  Assuming you're not a developer and just want to try the new stuff asap?,4,1528110292.0
253,e038jkj,t1_e0352j8,mastorms,They want you to use an iPhone Plus model as the replacement.,1,1528117352.0
254,e035af6,t1_e034m81,dreamsaremaps,"Especially now with regular iPads supporting the Apple Pencil, which is precisely why a refreshed Pro is necessary. Wonder what they will add to sell them and keep out of normal iPads?",10,1528112779.0
255,e035t6h,t1_e034m81,PartyboobBoobytrap,"I feel like the smart connector, 120hz screen, extra speakers, and 4 GB of RAM is well worth it.  Not to mention the laminated screen.  This is my primary device.   ",4,1528113598.0
256,e03b5mw,t1_e034m81,DittoTrainer,its a great drawing tablet,1,1528120365.0
257,e02wbbk,t1_e02vt5j,sastarbucks,Airpower,62,1528093842.0
258,e03d9hr,t1_e02vt5j,DMacB42,"Just sell boxes of 24 of them, and throw them out when they die, just like real pencils!",3,1528122531.0
259,e037nzd,t1_e02vt5j,deleted,"They can still have the charger, but the eraser part would be somehow built into the cap?",3,1528116218.0
260,e03dbez,t1_e03bc0d,hbs2018,\>minor refresh   \>quality keyboard   pick one,1,1528122583.0
261,e035gck,t1_e0348aq,lifehacker25,No I am talking about [this](https://techcrunch.com/2017/12/20/apple-will-reportedly-unify-ios-and-mac-apps-in-2018/),1,1528113048.0
262,e02zx4b,t1_e02xee5,deleted,[gelÃ¶scht],27,1528101495.0
263,e031krf,t1_e02xee5,idleservice,"That would be even worse, it would be like ""Just remove the duck"", the computers are quite bad, but at this point we are settling down to only fix the keyboard, regardless of how shitty the touch bar is, how outdated the hardware is, the lack of ports, etc.",-3,1528105459.0
264,e03b4xz,t1_e02zqgk,sadovnychyi,"And I want them to just work. I don't care about how they feel, right now some keys just don't work. My ""B"" key is constantly double/triple typing when I press it once. And this is not some dust under the key â€“ impossible to clean it out to make it work. Seems to be damaged by heat. And of course no replacement is possible (to at least fix it temporary) since I'm out of warranty and they refuse to make an exception.",2,1528120345.0
265,e032bly,t1_e02scck,GalSa,"I'm still waiting for apple to ACTUALLY unify the whole naming scheme... They changed Mac OS X to macOS 10.x but they finally had the opportunity last year to unify version numbering as well.. macOS 11 with iOS 11, tvOS 11 and.... watchOS 4.. well disregard that last one... But just how comfortable it will be - macOS/tvOS/iOS/watchOS/audioOS 12 (phoneOS will sadly probably never happen..)",3,1528107142.0
266,e02sy64,t1_e02scck,AlexOverby,How do we know they call it audioOS? Iâ€™m curious lol,2,1528088179.0
267,e03905c,t1_e02vumc,mastorms,"They run a stripped down version called audioOS. It's basically just a placeholder name until they figure out if it's going to evolve. Might transition to ""SiriOS"" if she gets more power and becomes more of a presence across all devices. ",1,1528117934.0
268,e03dyqq,t1_e03dtib,Mathesar,"> Pipe Dream   Apple can do whatever they want, though :)",1,1528123207.0
269,e03e63t,t1_e03dtib,bobbytheman123,"Well, it's expected that there will be no new iPads in this event.",1,1528123402.0
270,e038nux,t1_e037mm1,TheAwakened,"I pray to two Gods, so....",3,1528117510.0
271,e039bny,t1_e02v74l,mastorms,Please do. I'm stuck at work for 12 hours and the computers we use are on Windows 8 with no access to browsers outside IE...,1,1528118320.0
272,e03aul1,t1_e02v74l,efbo,Is this a first? Glad I hopefully won't have to mess around to watch it this time.,1,1528120034.0
273,e03bgfi,t1_e03bcz1,DittoTrainer,thanks!,2,1528120677.0
274,e03e37f,t1_e03dllw,4look4rd,"Itâ€™s the worse tech purchase Iâ€™ve ever made.  Blown speakers, faulty Touch ID, kernel panics on sleep due to GPU.  This computer is just over a year old and itâ€™s a $2000 piece of shit.",1,1528123325.0
275,e03duf6,t1_e03blro,Swiftarm,"They do, do I just plug in the stream URL?",1,1528123092.0
276,e03a0c5,t1_e039k5d,iPerilous,"Thatâ€™s great, thanks!",1,1528119111.0
277,e03d55f,t1_e03cx5p,bmcclure937,"Nice, I will try without and see what happens.",1,1528122412.0
278,e03evcf,t1_e03e81v,deleted,I like PiP to watch videos in a smaller window and do something else in the background too. Also helps with typing stuff out and having another app to use simultaneously. ,1,1528124065.0
279,e030y2w,t1_e030a1q,Dracogame,"I'm a mac user since MacOS 9, I used Mail as my main client on different computers with different versions of the OS: iMacs, Mac Pro, MacBook Pro, MacBook Air... It doesn't matter, it just sucks. It somehow always fail to sync properly, sometimes it takes minutes since boot to actually download my mails. The iOS version is much better and almost never gave me any problem. It happens quite frequently that I use my phone to authenticate when I subscribe to a new site because my desktop client refuses to sync (and it even tells me that it did). Sometimes it also refuses to actually send my mails and if I don't notice it my mails remain stuck in the limbo and never get send until I find out, maybe a day later. But that's really not that frequent. Still, sometimes it happens and it's annoying.",2,1528103967.0
280,e030nsa,t1_e0307j6,deleted,so theyll update the schedule with the start of the wwdc? thanks!,4,1528103271.0
281,e02u57i,t1_e02u358,gaysaucemage,Can we get them in a new shade of space gray that doesn't match any other devices?  Or just black like HomePod.,8,1528090074.0
282,e03auft,t1_e02u358,TBoneTheOriginal,Totally disagree. They've never had anything other than white earbuds because they're iconic. Apple likes personal products that advertise for them.,1,1528120030.0
283,e038d5a,t1_e038538,blowqueen,Have you seen the new razer laptops?... theyâ€™re looking pretty good right now.,2,1528117120.0
284,e039l9q,t1_e0390zf,blowqueen,"I know that, but they almost always announce hardware. Last year it was the iPad, the MacBook, the iMac... ",3,1528118632.0
285,e03dw9k,t1_e03dn8t,EastContact,"This could be true. Skeumorphism does need fewer explanations. Also, Apple seriously messed up flat design. E.g. The Apple Music UI is just horrendous. ",3,1528123141.0
286,e03dvhb,t1_e03dqbn,WindowsiOS,Hope so! I would make the iPad Pro so much more â€œProâ€!!! ,1,1528123121.0
287,e03dx8a,t1_e03dqbn,WindowsiOS,They honestly should just make an option to have safari always request a desktop version. That coupled with a mouse would make the entire experience a lot more â€œcomputerâ€ like. ,1,1528123167.0
288,e02x95v,t1_e02sww9,ItsThatCoolGuy,"Iâ€™m hoping for the former, but expecting the latter.",117,1528095657.0
289,e02xrxw,t1_e02sww9,send_me_potato,Whatever Apple releases this sub will declare lacklustre for a week. ,45,1528096722.0
290,e03313h,t1_e02sww9,secretlives,I'd always take quality > quantity  ,1,1528108658.0
291,e03b6en,t1_e02xai1,radmarshallb,"I think the vast majority of leaks come from third-party suppliers and manufacturing partners. I think itâ€™s pretty rare to be from an actual Apple employee, which is why software is easier to keep secret.",8,1528120386.0
292,e03bssq,t1_e03bhb6,jmkni,"The Dell XPS is pretty excellent, makes a decent Hackintosh as well.",2,1528121041.0
293,e03bcuk,t1_e03an7f,GrenobleLyon,thanks I edited the post,2,1528120571.0
294,e03cyf6,t1_e0316cg,zxrax,Why would a hackintosh have a mobile cpu?,1,1528122227.0
295,e03c32u,t1_e03bzj0,shane1333,It was the update I wanted but I couldnâ€™t wait anymore ,3,1528121344.0
296,e039gsp,t1_e032fel,Momskirbyok,A very smooth experience too. Animations are so fluid with the high refresh rate. ,6,1528118488.0
297,e038inp,t1_e032fel,damstr,Can confirm. The 120Hz screen is just butter and paired with the Apple Pen. I am in heaven. I am also really impressed by the speakers.   Edit: can anyone recommend a good clamshell keyboard case? I was looking into Brydge but Iâ€™ve heard a lot of bad things about the keys. ,10,1528117320.0
298,e03f3u8,t1_e032fel,Tyranithor,Bought mine last July. Blazing fast till today. Amazing device. ,2,1528124283.0
299,e0340fl,t1_e033wpg,Enclavean,"Iâ€™m going to anther country, and Iâ€™m buying it via my dads company so i have to buy it before i depart. Other wise iâ€™d have to wait until new years  when i come back.",5,1528110582.0
300,e035ozb,t1_e030wyn,PartyboobBoobytrap,"iPads don't get refreshed every year, the current Pro is still an absolute beast.  ",7,1528113421.0
301,e02z0z4,t1_e02yqtz,deleted,"Too annoying to put up with a Windows machine for months before the new models ship, because I had to return my old school-issued mac in advance. Not to mention the 2018 models are probably above my budget (hence why I bought 2017 refurbed). ",3,1528099453.0
302,e036c32,t1_e033u7p,CaptainJamaica,Pending approval ,4,1528114389.0
303,e035pky,t1_e033u7p,PartyboobBoobytrap,Delayed.,5,1528113446.0
304,e03feew,t1_e033u7p,cmcaguilera,"You expect something thatâ€™s announced in September to be released by June?! Slow down there, Jethro. /s",2,1528124558.0
305,e0385w0,t1_e033u7p,mastorms,Lost in the cloud.,1,1528116864.0
306,e0380ql,t1_e037i4k,In_Dust_We_Trust,*wooosh*,3,1528116678.0
307,e02tg3x,t1_e02spae,walktall,The only correct answer.,99,1528088960.0
308,e0328t1,t1_e02xfak,Shadestones,I do :\(,27,1528106968.0
309,e033bt5,t1_e02xfak,deleted,[gelÃ¶scht],14,1528109266.0
310,e033mr3,t1_e02vyae,Thesameson198,"thats whats giving me hope, too",7,1528109866.0
311,e033tk4,t1_e02vyae,istuffunicorns,"Really, can you give me a link? I am also hoping for quad-core MBP 13"".",6,1528110230.0
312,e035kxa,t1_e02vyae,ProbablyNotKevin,Saying 'in stock' for everything. Where did you see this? ,2,1528113249.0
313,e039xe8,t1_e039kxc,mjt1226,"I think that was Macworld, but the iPhone 4 was released at WWDC ",3,1528119016.0
314,e03cgk9,t1_e02uivk,chowchowthedog,plastic.   /s  ,3,1528121729.0
315,e02ykpm,t1_e02uemx,Cyanide72,I believe you meant to say [alyouminiyum](https://youtu.be/g_HMXVm9zFs). ,2,1528098449.0
316,e03790n,t1_e032m6r,BakingBadRS,then again it's the same Gurman that brought us this:  https://www.bloomberg.com/news/videos/2018-04-30/iphone-x-didn-t-live-up-to-the-hype-video,2,1528115666.0
317,e02s20g,t1_e02rz6w,kbgames360,"Yep! WWDC is a developers conference, with a focus on software. There are occasionally new products, but the primary focus is software and tools for developers.",52,1528086851.0
318,e02s1y8,t1_e02rz6w,Mayucchi,"Yes, WWDC is a Developerâ€™s Conference. It has always been software focused, and occasionally weâ€™ll see some hardware updates. However it wouldnâ€™t be strange for there to be no hardware updates whatsoever. ",73,1528086848.0
319,e038xqq,t1_e02rz6w,Lost_the_weight,World Wide Developer Conference,1,1528117853.0
320,e039b5q,t1_e02rz6w,Drim498,"Yes. They generally only announce hardware if it directly affects/impacts developers. (Think touchbar for MBP). There have been times that itâ€™s not always relevant for developers, but those are more rare. I wouldnâ€™t hold my breath for any new hardware today, but maybe weâ€™ll get a welcome surprise!",1,1528118304.0
321,e02x6ra,t1_e02vahm,SendMeYourPassword,"you forgot the ï£¿ logo tax of an additional $50 though, so itâ€™s $199.95 ðŸ˜‰",31,1528095521.0
322,e033dpn,t1_e030ok6,JimmyScramblesIsHot,"I guarantee Iâ€™ll install it, itâ€™ll have many bugs and incompatible apps, and Iâ€™ll reinstall iOS 11 in a few days. Then update around beta 3 or 4 once itâ€™s more stable and then clean install again around official release. Happens every year. I love clean installs though. Feels so nice having what feels like a brand new phone.",3,1528109377.0
323,e03bkhs,t1_e033uqw,exjr_,"I want to try the new stuff, and report bugs and etc. I donâ€™t mind sending the Watch to Apple for downgrade because this is backup Watch. My main will stay on watchOS 4",1,1528120794.0
324,e035u64,t1_e035af6,PartyboobBoobytrap,Are you aware of the superior screen and extra RAM and speakers and smart connector?  It's not _just_ the Pencil.,10,1528113638.0
325,e035v0l,t1_e035af6,cocobandicoot,"The iPad Pro's premier difference was Apple Pencil support. That said, the iPad Pro was still a waste of money then â€” by itself we were talking about nearly $700 plus hundred dollars on top of that for the Pencil. By that point you were in MacBook air territory, which is more capable than an iPad Pro in nearly every way except multi-touch.  While I do think putting Apple Pencil support on the standard iPad was a good move, it means that, for those that were willing to spend the money on an iPad Pro to begin with, the only real differences are its speakers, a nicer display, and just a tiny bit faster. For most users, they are not going to spend a premium for those minor conveniences.  It's my belief that what separates a ""pro"" machine from the alternative are features that pros/power users will take advantage of. I think the iPad Pro honestly should be wiped from Apple's roadmap and replaced with an entirely different productâ€¦ something that does far more than what the iPad Pro ever did and that is more capable than a laptop.  I believe the answer is something more like a two-in-one... something similar to the form factor of Microsoft's Surface Book. The rumors are already saying that Apple is working on such a device, which I hope comes to fruition, because the Surface Book is an excellent form factor, in my opinion. However, it runs Windows, which is disappointing as it the operating system hasn't been optimized for touch. By ""dream machine"" is a MacBook and iPad and one that runs iOS apps when used as a tablet and full macOS when used as a laptop. Call it ""MacBook Pro.""  Hey, I can dream, can't I?",3,1528113667.0
326,e035zhz,t1_e035t6h,cocobandicoot,"Those are some nice conveniences, but everything you can do with an iPad Pro I can do with the standard iPad and save myself hundreds of dollars.   And the standard iPad is gooooood: fast, lightweight, retina display, it's loud enough, supports the Apple Pencil, does everything I need. Why would I ever spend more money on an iPad Pro if it really doesn't **do** anything else?  The iPad Pro need some massive hardware differentiation to be worthwhile for me, or most anyone, to buy. In its current state, it's kind of just a ""nice"" iPad.",2,1528113855.0
327,e02wgyi,t1_e02wbbk,MountandJew,Courage!,33,1528094141.0
328,e039oua,t1_e037nzd,deleted,"Flip out from the side so when you plug it into the iPad itâ€™s not a friggin giant lollipop anymore. Or, utilize the smart connector like they do to power the keyboards.",2,1528118744.0
329,e038psp,t1_e035gck,mastorms,"As part of the transition to an independent codebase \(Runs seamlessly on Intel or ARM through some sort of layer\), we'd definitely see more great iOS apps make the leap to Mac and then vice versa.",1,1528117578.0
330,e036g0y,t1_e02zx4b,rwills,"No, as hes walking off they turn off the lights, then says it.",14,1528114547.0
331,e03dfde,t1_e02zx4b,argon07,And then he'll say btw we revamped the notification center,1,1528122688.0
332,e03ehjw,t1_e032bly,thoughtfuldude13,"I personally am for an unified Apple OS. Let's say, there's an Apple OS 1.0 unveiled at today or next year's WWDC - Apple OS 1.0, a brand new OS for ALL Apple devices, from the watch to the Mac Pro. All interfaces will be carved out for the specific device, so the Mac interface will stay the same as it is, and the iPhone interface will stay the same as well. That way, everything will work as is (no ""iOSification"" of Mac), but the name itself will stay across all devices.  It could be Apple OS 1.0 Mojave, for example, then next year, Apple OS 2.0 Sequoia. There would be 1.0.1, 1.1, ... 1.5 updates, of course, and all devices would be updated at the same time for tight integration.   It'd be simple and easy, and much easier for support too - ""I'm having issues with Apple OS 1.2.1, it's not syncing properly!"" ""Okay, what device?"" ""My iPad. My Mac and iPhone works fine.""   Thoughts?",2,1528123710.0
333,e038wgz,t1_e032bly,mastorms,"Phone OS was where we got iOS from. It used to just stand for iPhone OS and didn't change until iPad finally debuted. macOS still carries the X as the legacy from NeXt, so don't anticipate that changing until there's a huge revision that changes the entire way things operate. Think of the X as one of the things Jobs brought back with him. It enabled all the other OSes to even be created. Apple wouldn't be here without it and I think they're hugely attached to it.",1,1528117810.0
334,e02t0z3,t1_e02sy64,exjr_,A developer ventured in the audioOS ipsw back when Apple released it in August '17.  https://www.macrumors.com/2017/08/01/homepod-ui-sounds/,4,1528088304.0
335,e02wssu,t1_e02sy64,illusionmist,"Thereâ€™s also bridgeOS which powers the iBridge in newer Macs, and FWIW they also dubbed iCloud's web portal ""cloudOS"" (though not really an OS).",5,1528094768.0
336,e0393bo,t1_e038nux,mastorms,"They previously detailed the new case would be AirPower compatible for $70. I don't imagine they have a lot of things to change on the AirPods since they're amazing. New case, no new 'Pods. Maybe color options?",1,1528118043.0
337,e03dvqa,t1_e03duf6,deleted,I believe so. That's how I did it on my Android phone a few years back.,1,1528123128.0
338,e03ez6z,t1_e03evcf,bobbytheman123,"On iPad I use it occasionally (only used it on a 12.9"" iPad), but on my iPhone X i'd never ever use it. I don't think many people would have safari and pages open on their iPhone for example, but hey ho. No harm in adding it I guess. Not convinced they will though as Apple don't usually add features unless they see lots of use from it.",1,1528124163.0
339,e031979,t1_e030y2w,deleted,[gelÃ¶scht],3,1528104701.0
340,e033v7m,t1_e030nsa,In_Dust_We_Trust,more like at the end of keynote,6,1528110316.0
341,e03a10i,t1_e038d5a,deleted,"Don't know why that guy is laughing, there are plenty of incredible windows laptops that are far more affordable than apple's. Just off the top of my head, there is an MSI stealth pro that's pretty lightweight, has 32 GB RAM, 15"" screen, some 2.8 ghz quad core, with SSD HDD combo for some 1900 bucks. Comparable model for apple right now, give and take a few features, is probably the 2800 MacBook Pro model. Hardware-wise, Windows has plenty of impeccable options.   As for software, it depends on what you know and what you're comfortable with. If you don't rely on Xcode a Swift for app development or aren't too ingrained with other programs for whatever field you might be in or studying then you shouldn't really have a problem transitioning while you wait for a MacBook model you prefer or perhaps even learn to love a new company such as Lenovo or model such as the Surface or Razer Blade Pro. It's a big industry with lot's of shiny computers to meet whatever needs we have.",3,1528119132.0
342,e02xzum,t1_e02x95v,tkhan456,Unfortunately thatâ€™s probably more likely as they keep emphasizing over and over itâ€™s just a conference for developers and ios12 really is focusing on bug fixes and tuning things.  No real major things seem to be coming. Maybe AirPad?,28,1528097189.0
343,e035oed,t1_e02x95v,dmwilson2011,Happy cake day!,1,1528113396.0
344,e037tax,t1_e02xrxw,cjorgensen,Cure for cancer and iPhones powered by God Himself with Divinity Batteries!  *Stock plummets*,3,1528116413.0
345,e03ecna,t1_e02xrxw,crudos_na,inb4 Apple is dying.,1,1528123578.0
346,e03c25x,t1_e03b6en,Mr_JellyBean,"Yeah, I wouldn't have any interest in leaking anything as an employee either, they don't really stand to gain much but risk losing a good job and I'd doubt any other company would hire you.",4,1528121318.0
347,e03eid4,t1_e038inp,deleted,"I just ordered my third clamcase. Majorly the best, turns it into a mini laptop. ",0,1528123731.0
348,e0341cd,t1_e0340fl,Bapesyo,Oh gotcha! Have a nice trip,2,1528110629.0
349,e0389pq,t1_e035ozb,Lost_the_weight,Even my first edition iPad Pro 12.9â€ still screams. The slowest thing on it is the Rev A Touch ID sensor.,3,1528117001.0
350,e03bh5h,t1_e035ozb,radmarshallb,"Yeah, I doubt the iPad Pro is upgraded this calendar year.",1,1528120699.0
351,e038sut,t1_e035pky,sirbonce,Coming Soon^TM,4,1528117684.0
352,e034rrd,t1_e033bt5,amispecialtorazer,"if not joking, but why? wht made her pick system whtevr over windows 3?",-7,1528111911.0
353,e036be3,t1_e033tk4,sastarbucks,https://imgur.com/a/suOYtfG when I add it to basket,3,1528114360.0
354,e038mp4,t1_e03790n,moradizox,I really hope with every bone of my body that he is wrong and will see today a new iPad Pro with those awesome new features!,1,1528117469.0
355,e0389xs,t1_e02s1y8,mastorms,It would be infuriating is what it would be.,-10,1528117010.0
356,e02yrkx,t1_e02x6ra,the-velocirapper,"Yeah, on top of that, my understanding is that while most Qi chargers have a ""sweet spot"" where you need to put your device, AirPower doesn't. So there is some tech in addition to the Apple tax.  When I first heard speculation that it might cost $200, I thought it was absurd, but the more I think about it, the more likely it seems. Actually, as I think about it more ($50 x 3 + Apple tax + R&D), I would be a bit upset but not totally surprised if it were $250 (though that would be awfully hard to justify to myself, especially in addition to a $69 AirPods case).",17,1528098871.0
357,e034pws,t1_e02x6ra,Enclavean,*61W Power Adapter + USB-C to lightning cable sold separately.*,3,1528111823.0
358,e038npf,t1_e02x6ra,cocoman2121,"you joke, but it sounds legit ðŸ˜Ÿ",1,1528117504.0
359,e037ms4,t1_e035u64,reallynotnick,Also better processor and they would probably update it to the A11X in the next version. ,1,1528116173.0
360,e03c16t,t1_e035u64,ThePegasi,">It's not *just* the Pencil.  They never said it was. They replied to someone saying there isn't *enough* differentiation, and made the point about how the Pencil is now part of that too.",1,1528121289.0
361,e03a314,t1_e035v0l,radmarshallb,iPad Pro also has double the RAM. Thatâ€™s a pretty significant difference.  Also I hope this hybrid machine never exists. That sounds awful.,1,1528119196.0
362,e038ivg,t1_e035zhz,mastorms,"My prediction is we'll see FaceID and a hardware change for the Pros. Ditch the Smart Connector, punch the power up with a new Apple GPU, and some slick new screen tech. UI changes for iOS that handle the loss of the home button and enable new things on the iPad for keyboard users.",2,1528117326.0
363,e039uhg,t1_e039oua,deleted,Yeah but my thinking is that it hardly takes any time to charge it so itâ€™s not a big deal for me really.,2,1528118924.0
364,e03905d,t1_e038wgz,GalSa,It was never called Phone OS tho. It was iPhone OS and it changed in 4 as you mentioned. I wished we get phoneOS. About the second part - I didnâ€™t know it was a homage to next. Nice knowing!,2,1528117934.0
365,e03auf1,t1_e0393bo,radmarshallb,AirPods in a bunch of different colors is a gold mine waiting to happen. They are very noticeable when someone is wearing them and could easily be turned into fashion.,2,1528120029.0
366,e03f22k,t1_e03ez6z,deleted,"Thatâ€™s true. Sadly, it might be more of a niche feature. I am confused why Apple doesnâ€™t offer an AOD speaking of the X. ",1,1528124238.0
367,e031afn,t1_e031979,Dracogame,"I use one Microsoft Enterprise mail, the icloud mail (this one actually works very well) and 3 gmail accounts. ",1,1528104783.0
368,e02y2b6,t1_e02xzum,kadupse,"They never emphasized that though. Rumor sites did, very big difference. Apple never reveals anything about upcoming releases. ",50,1528097334.0
369,e0341mi,t1_e0341cd,Enclavean,Thank you! ,3,1528110643.0
370,e03f48w,t1_e038sut,DryCatholic,deceased.,1,1528124293.0
371,e0385bf,t1_e036be3,kael13,What happens when you buy a Mac from them and they update and change the spec in the interim?,1,1528116842.0
372,e03f91g,t1_e02yrkx,knightlife,"Woah, did I miss an announcement that AirPower works anywhere you place the device?",2,1528124418.0
373,e02zy02,t1_e02yrkx,mewithoutMaverick,That would be outrageous.,3,1528101553.0
374,e03bcx1,t1_e03905d,mastorms,"Sorry, meant to type iPhoneOS first. ",2,1528120574.0
375,e03f4jq,t1_e03f22k,bobbytheman123,"Sorry, but what's AOD?",1,1528124301.0
376,e0342e0,t1_e0341mi,Bapesyo,I thought there was a student discount or something that I was missing haha. Thatâ€™s why I had to ask,2,1528110680.0
377,e0388c7,t1_e0385bf,sastarbucks,I have not done this myself but hear they contact you to ask if you want the upgrade. ,1,1528116952.0
378,e034j5r,t1_e02zy02,SendMeYourPassword,"Sadly though, not something I would put past Apple",1,1528111511.0
379,e039t7n,t1_e02zy02,BluLemonade,Absolutely. I am planning on getting that but if it's even close to $250 to just charge my devices I'm definitely out. I'm having a very hard time justifying $150 too. I don't think i get $150 of value out of that ,1,1528118884.0
380,e03eoyt,t1_e02zy02,deleted,Itâ€™s outrageous! Unfair!,1,1528123902.0
381,e03f738,t1_e03f4jq,deleted,Always on Display. Great for showing notifications and doesnâ€™t need an ambient display (raise to wake) to show info and still be energy efficient. OLED displays can light up individual pixels as need be. ,1,1528124367.0
382,e034cz9,t1_e0342e0,Enclavean,"By buying it as a company device we get tax returns on it, meaning I only pay roughly 50% of the full price. r/UnethicalLifeProTips i guess lol  Apple does have a small student discount available too though, but Iâ€™m sure you know about this. ",4,1528111211.0
383,e035uww,t1_e034cz9,Bapesyo,"Haha thatâ€™s awesome actually!  Yeah, but itâ€™s usually just a gift card for iTunes right?",2,1528113664.0
384,e03638x,t1_e035uww,Enclavean,"I was talking about this actually: https://www.apple.com/us-hed/shop   I *think* you need a .edu email though, not sure. ",1,1528114014.0
385,e036996,t1_e03638x,Bapesyo,Didnâ€™t even know that existed! Thank you man,2,1528114269.0
