Unnamed: 0,Comment ID,Parent ID,Author,Body,Score,Created (UTC)
0,g8oi5z4,t3_ja64z0,aaronp613,apolog thread reddit auto post subreddit issu reddit fix onlin,1,1602584982.0
1,g8nuty6,t3_ja64z0,schrute-farms-inc,cant thing,162,1602561735.0
2,g8p5kgi,t3_ja64z0,TheEmeraldDoe,tim cookin,28,1602601703.0
3,g8oy5ge,t3_ja64z0,water-fairy,super event lil buddi mini version iphon,22,1602597563.0
4,g8or473,t3_ja64z0,McFatty7,android user iphon watch rip wallet,34,1602592997.0
5,g8nzbdp,t3_ja64z0,Level1TechSupport,power iphon,84,1602565109.0
6,g8ompoo,t3_ja64z0,FragrantBrilliant6,touch id keep iphon,130,1602589539.0
7,g8p7yxp,t3_ja64z0,allevana,ipad air event sure minut month gen pencil friend,14,1602602957.0
8,g8o08b1,t3_ja64z0,ReaddittiddeR,product thing,30,1602565865.0
9,g8orbch,t3_ja64z0,joeschmo28,side button touch id compel reason,29,1602593137.0
10,g8pccte,t3_ja64z0,heyyoudvd,secret footag tim cook today event,11,1602605216.0
11,g8pdo4g,t3_ja64z0,PrisonedMuffin,correct rumor pro max true,11,1602605893.0
12,g8nvijx,t3_ja64z0,Angryangmo,last time real thing moment sad tradit keynot,75,1602562218.0
13,g8nvq23,t3_ja64z0,ButItWasAGoodDay,readi goodby year piec technolog,50,1602562371.0
14,g8nx94c,t3_ja64z0,altavistadotcom,gif op timbo danc english channel,20,1602563498.0
15,g8pacmc,t3_ja64z0,deleted,,22,1602604186.0
16,g8ok5iz,t3_ja64z0,HowDoYouFeel,store offlin,9,1602587095.0
17,g8osylj,t3_ja64z0,gallifreys,tim morn,9,1602594278.0
18,g8p4leg,t3_ja64z0,speedy_162005,super featur pro max pro giant phone ipad,8,1602601175.0
19,g8pdjxo,t3_ja64z0,DaBombDiggidy,insight pro iphon pro pro big featur edit thank answer everyon,11,1602605834.0
20,g8pgmmi,t3_ja64z0,Dent18,anim screensav,10,1602607401.0
21,g8ozr5s,t3_ja64z0,srstone71,announc product generat airpod find case featur find app case,18,1602598503.0
22,g8nwod3,t3_ja64z0,silencedoutrage,morn,30,1602563068.0
23,g8nvrqs,t3_ja64z0,Stealthsnake,approach event thank peopl much sub,49,1602562405.0
24,g8p1ppf,t3_ja64z0,111100010001,readi belov charger port time sweet princ,20,1602599601.0
25,g8ovzc2,t3_ja64z0,sundryTHIS,hi speed line next phone iphon line,10,1602596252.0
26,g8ny8ez,t3_ja64z0,Walkingplankton,bingo card,17,1602564253.0
27,g8nyhky,t3_ja64z0,plsdontattackmeok,iosipado,8,1602564451.0
28,g8ouagj,t3_ja64z0,McFatty7,os big sur mani beta final public releas bug,8,1602595164.0
29,g8p2zco,t3_ja64z0,Whereyaattho,anyon store right back screen text lock screen,8,1602600300.0
30,g8pc6i9,t3_ja64z0,CMND_Jernavy,user iphon launch readi mini pro,9,1602605125.0
31,g8pfqmh,t3_ja64z0,TotteAnnerbrink,pro xs max littl larg perfect thing lose batteri chip effic,8,1602606946.0
32,g8phw8o,t3_ja64z0,joshjoshjosh42,keynot bingo anyon,10,1602608045.0
33,g8oj2xe,t3_ja64z0,GreenBlueSeduce,shitstorm charg brick,23,1602585982.0
34,g8ny35c,t3_ja64z0,1amjust,iphon se gen year phone iphon mini feel dream meself,40,1602564140.0
35,g8ojud9,t3_ja64z0,medoweed516,accur rumour pro max month launch x part left side screen work pro max pro differ month half broken phone,8,1602586774.0
36,g8oqrze,t3_ja64z0,BlueSwoosh248,mini,8,1602592751.0
37,g8ottg5,t3_ja64z0,Twrd4321,thing let evan blass leak everyth,7,1602594853.0
38,g8oxhdg,t3_ja64z0,szzzn,kind iphon homepod wallet fire,7,1602597168.0
39,g8oz2tz,t3_ja64z0,littlebluekid,pro discount,6,1602598114.0
40,g8p4y2d,t3_ja64z0,Str1der,phone day og pixel xl last leg question retail store phone stock order onlin store,8,1602601366.0
41,g8p6irj,t3_ja64z0,punkchica321,iphon store screen protector order store,8,1602602201.0
42,g8pddfm,t3_ja64z0,vivniko,hope abl sens announc graphic event offset sphere bother spacialproxim tech theori obvious sphere iphon model offset magsaf wireless charg sphere spot homepod mini airpod studio sphere spacial sound airtag center invit orang warmer indic glow due airtag releas rumor u element,6,1602605743.0
43,g8nyhzm,t3_ja64z0,vaporwave_enthusiast,enough gift card trade in pro silicon case screen protector sale tax card year,24,1602564460.0
44,g8ojafy,t3_ja64z0,ScruffyNerfHerder66,meme charg brick juici,14,1602586201.0
45,g8om3xe,t3_ja64z0,TheScand,lord big sur releas date pleas,17,1602588994.0
46,g8o5t7q,t3_ja64z0,greenMaverick09,mega thread user wtf,12,1602570949.0
47,g8opp6b,t3_ja64z0,_YouSaidWhat,march event product get today,6,1602591968.0
48,g8p3m2h,t3_ja64z0,MojoCSGO,pro max time month top,6,1602600643.0
49,g8p4uw9,t3_ja64z0,yungmodulus,remind twitter event hour,5,1602601318.0
50,g8pda5d,t3_ja64z0,viachicago22,first year upgrad program anyon process,7,1602605696.0
51,g8pfqld,t3_ja64z0,Shiznanners,button,7,1602606946.0
52,g8phfwz,t3_ja64z0,anchal26,ambient music stream,5,1602607814.0
53,g8phztt,t3_ja64z0,Ewh1t3,ipad air iphon preorder frenzi avail,5,1602608095.0
54,g8phzy4,t3_ja64z0,FanofK,background nois ship date air,11,1602608097.0
55,g8p5ooj,t3_ja64z0,gaysaucemage,airtag today gon rumor month airpow airtag month u chip iphon someth use,20,1602601766.0
56,g8ph1n9,t3_ja64z0,deleted,,21,1602607614.0
57,g8pcz6m,t3_ja64z0,skyrmions,sub display comment phone unus display,13,1602605538.0
58,g8om93z,t3_ja64z0,gridironcurtseyday,chanc one live today,10,1602589127.0
59,g8oz5o4,t3_ja64z0,arnienz,evan blas photo,10,1602598159.0
60,g8pg87b,t3_ja64z0,jonas691,man rid piec shit pixel,9,1602607196.0
61,g8nwhf7,t3_ja64z0,Mh804,iphon price drop event week month,5,1602562925.0
62,g8o24jl,t3_ja64z0,heyyoudvd,morn,5,1602567506.0
63,g8oqjmc,t3_ja64z0,Mindfulmanners,readi much,6,1602592583.0
64,g8ostf8,t3_ja64z0,chuckst3r,mr airpod studio,4,1602594178.0
65,g8othjy,t3_ja64z0,DutchChair,wallet readi babi,5,1602594634.0
66,g8p1w5y,t3_ja64z0,yupyupyupyupyupy,much rumor last iphon port credibl,6,1602599701.0
67,g8p3dul,t3_ja64z0,deleted,year today hrs chang,5,1602600520.0
68,g8payrf,t3_ja64z0,Briand2714,readi fanci transit event last,5,1602604499.0
69,g8pbhjo,t3_ja64z0,shacoand2boxes,current iphon display iphon se work person batteri fine last,5,1602604768.0
70,g8pc0ko,t3_ja64z0,Nickp1991,iphon promot display,5,1602605038.0
71,g8pdbb4,t3_ja64z0,MintyNerd,phone today like preorder today releas next week,5,1602605712.0
72,g8pexpj,t3_ja64z0,I_Am_A_Peasant,peopl mac lineup unveil,6,1602606532.0
73,g8pejq0,t3_ja64z0,schrute-farms-inc,mani madlad iphon pro next half hour,14,1602606337.0
74,g8nv1mr,t3_ja64z0,froyoboyz,lot your gon,13,1602561889.0
75,g8nww9t,t3_ja64z0,Brym,mini real origin se,12,1602563232.0
76,g8ome81,t3_ja64z0,JulioCesarSalad,power button touch id acknowledg face id useless time worri iphon vaccin next year touch id necessari cours limit time power button touch id ipad signific number iphon may peopl covid coupl year,23,1602589256.0
77,g8pcm7h,t3_ja64z0,FormerBandmate,foldabl phone inch inch headphon jack ir blaster fm radio unlock bootload continuum,18,1602605352.0
78,g8o64b9,t3_ja64z0,rcast16,anyon airtag airpod studio event last year,11,1602571251.0
79,g8p3mwm,t3_ja64z0,uw200,goooo,4,1602600655.0
80,g8p6d37,t3_ja64z0,EA888,time iphon preorder,5,1602602118.0
81,g8p8qil,t3_ja64z0,Str1der,someon android qualifyget iphon upgrad program order readi phone,4,1602603352.0
82,g8pa3v7,t3_ja64z0,oflannabhra,year month payment option card,4,1602604059.0
83,g8paawg,t3_ja64z0,mynameisdpc,outstand citizen loan,3,1602604161.0
84,g8pcr5u,t3_ja64z0,MGPythagoras,chanc today releas date,4,1602605425.0
85,g8pcucp,t3_ja64z0,PrisonedMuffin,preorder friday correct,5,1602605471.0
86,g8pddm2,t3_ja64z0,Glassc0,date predict max thought stagger releas schedul pro sadden anyon rumor max ship last version rumor middl novemb,4,1602605745.0
87,g8pdf12,t3_ja64z0,inno7,store nice cool logo anim anyon,4,1602605766.0
88,g8phj40,t3_ja64z0,JakeTheSnake0709,inb someon postev thread event long time time,11,1602607859.0
89,g8oja0e,t3_ja64z0,KidaNedakh,upgrad iphon event next year iphon,11,1602586189.0
90,g8o4l40,t3_ja64z0,themindspeaks,anyon iphon upgrad plan citizen bank inhous card goldman sach sens integr,9,1602569773.0
91,g8p1m75,t3_ja64z0,Leg_Pale,android user excit event anyth side certain brand product ipad pro inch time someth interest today tim cook let,6,1602599546.0
92,g8p597o,t3_ja64z0,deleted,,7,1602601535.0
93,g8nwr0m,t3_ja64z0,deleted,,10,1602563123.0
94,g8oqhwv,t3_ja64z0,deleted,,9,1602592547.0
95,g8olb2o,t3_ja64z0,saperis,feel homepod mini sono googl nest,10,1602588242.0
96,g8p5ccj,t3_ja64z0,deleted,,10,1602601582.0
97,g8nupro,t3_ja64z0,Donttouchmydorritos,yeee happi everyon pleas tim grace goodi tomorrow,6,1602561653.0
98,g8p2h09,t3_ja64z0,NineSwords,max pro line homepod mine blue month rumour homepod interest mini variant normal size kind tech rumour mini,6,1602600021.0
99,g8phtdd,t3_ja64z0,GetReady4Action,year xs god damn ipad air timothi pro pastur,6,1602608004.0
100,g8nwpoq,t3_ja64z0,BenSova,mac high doubt,9,1602563096.0
101,g8o26nt,t3_ja64z0,interestingpaperclip,great phone batteri life,8,1602567558.0
102,g8oov1l,t3_ja64z0,runjoy,much iphon pros drop,3,1602591335.0
103,g8or4c6,t3_ja64z0,Wonnk13,time iphon,3,1602592999.0
104,g8osonp,t3_ja64z0,iUs3Reddit,mini much power capabl counterpart,3,1602594088.0
105,g8otosc,t3_ja64z0,Marbi_,chanc iphon pro max productr,3,1602594768.0
106,g8oy1br,t3_ja64z0,mycrafty,buy canada releas date ipad air novemb placehold week,3,1602597496.0
107,g8p18kr,t3_ja64z0,Bankusan,pro version color varieti mini,3,1602599335.0
108,g8pbgzm,t3_ja64z0,PrisonedMuffin,hilari xcloud app today,3,1602604760.0
109,g8pgik0,t3_ja64z0,nomadofwaves,place sound video safari phone browser video,3,1602607343.0
110,g8nvwzv,t3_ja64z0,Itsme_eljefe,idk abl xs max tbh touch use beta phone lot anyon dilemma,8,1602562510.0
111,g8nvv8o,t3_ja64z0,Lazy_Chemistry,much iphon gon drop price iphon user,5,1602562475.0
112,g8oklya,t3_ja64z0,hocotate,lineup xr,4,1602587553.0
113,g8ot3j4,t3_ja64z0,ZePyro,btw anyon everyon zoom leak spec zoom len len zoom standard,6,1602594371.0
114,g8oijm7,t3_ja64z0,Grantus89,upgrad program previous year store phone way peopl store,5,1602585408.0
115,g8owt2a,t3_ja64z0,JulioCesarSalad,septemb work travel airpod rental car hotel last week fuck self pair airpod wireless case initi work trip rn airpod laptop bag pocket,7,1602596761.0
116,g8p4mfe,t3_ja64z0,OmfgTim,ahhh octobernovemb expens month ps ryzen big navi stagger releas,5,1602601190.0
117,g8nvfqy,t3_ja64z0,Angryangmo,next iphon previous one,12,1602562163.0
118,g8p25mw,t3_ja64z0,jayplus707,day work crazi,9,1602599847.0
119,g8o3g1a,t3_ja64z0,SandwichesX,kang wrong iphon mini releas octob doubt,4,1602568697.0
120,g8o6cn7,t3_ja64z0,rcast16,xs pro year camera rumor true max size,5,1602571479.0
121,g8ou3ix,t3_ja64z0,scatterbrain2015,chanc ipad air hand tomorrow someth avail sale preorder event onlin store parti store,4,1602595037.0
122,g8oukua,t3_ja64z0,chargingblue,iphon preorder drop today event day,5,1602595353.0
123,g8pe36w,t3_ja64z0,becoolbasf,thread live,5,1602606106.0
124,g8phhlx,t3_ja64z0,jacgonz,websit youtub,2,1602607837.0
125,g8phiee,t3_ja64z0,deleted,,4,1602607848.0
126,g8phqlx,t3_ja64z0,shaker7,time babi let gooooooo,4,1602607965.0
127,g8p0z3j,t3_ja64z0,DiarrheaButAlsoFancy,gooooo excit readi heart lack display end iphon,6,1602599187.0
128,g8peyg6,t3_ja64z0,Potatopolis,ecom fast approach pain airtag,6,1602606543.0
129,g8onzk8,t3_ja64z0,hhdhskskandn,u guy pre order friday usual next friday suppli chain novemb releas,5,1602590631.0
130,g8ov3lt,t3_ja64z0,zenneutral,excit airtag tracker,5,1602595690.0
131,g8nuwsp,t3_ja64z0,dirtydan92,,2,1602561792.0
132,g8or2pd,t3_ja64z0,shaker7,morn yall,2,1602592967.0
133,g8ownoj,t3_ja64z0,Blackscure,iphon mini rumor batteri time thought problem lcd first iphon reconmend,2,1602596671.0
134,g8pcc51,t3_ja64z0,economist_corgz,anyon ipad air bad idea upgrad tech,2,1602605206.0
135,g8okk4i,t3_ja64z0,deleted,,6,1602587502.0
136,g8ooti7,t3_ja64z0,glockout40,,4,1602591301.0
137,g8oxwab,t3_ja64z0,deleted,,4,1602597413.0
138,g8o38yo,t3_ja64z0,ITAstallion13,announc rid wife oneplus excit,2,1602568518.0
139,g8opaav,t3_ja64z0,FarAbbreviations5879,time launch,2,1602591659.0
140,g8oq1av,t3_ja64z0,petchulio,rumor wireless model rumor lightn port rout,3,1602592214.0
141,g8ot036,t3_ja64z0,Hrekires,pretti happi iphon thing batteri life extra hour touch id rid notch interest tv happi mine,2,1602594307.0
142,g8p2y9u,t3_ja64z0,linkx2252,guy year iphon upgrad program payment method pay credit card icloud set,3,1602600283.0
143,g8phd5i,t3_ja64z0,jkskrap,music,4,1602607776.0
144,g8nw2ow,t3_ja64z0,TheLookoutGrey,photo upgrad camera top list,4,1602562627.0
145,g8o6oy1,t3_ja64z0,almighty_bacon,left nut,5,1602571819.0
146,g8nvpoo,t3_ja64z0,sjs48,iphon pro disappoint unexpect way blue camera max,3,1602562363.0
147,g8oxev5,t3_ja64z0,deleted,,3,1602597128.0
148,g8nurga,t3_ja64z0,DonnieTheCatcher,,2,1602561686.0
149,g8nuroy,t3_ja64z0,pablxo,time,2,1602561691.0
150,g8ok9nw,t3_ja64z0,TheJoker00,galaxi note iphon way googl nexus right next,2,1602587213.0
151,g8oi4ia,t3_ja64z0,RassyM,kuo standard iphon dearer current iphon,2,1602584935.0
152,g8owtcm,t3_ja64z0,PorgDotOrg,line cheap small touch id recent se otherwis se money total valu trade cost postapocalyps public lot thank job face id someth dealbreak digit passcod daili use mask size modern phone media content whip ipad mini way phone screen thing interest touch id phone improv predecessor last gen look much sale,2,1602596767.0
153,g8oz3lx,t3_ja64z0,pao_lo,airpod keynot bad abl airpod reveal someon earpod headphon plug weekend,2,1602598126.0
154,g8pgh2z,t3_ja64z0,rawrtherapy,realli glass,2,1602607323.0
155,g8phbw8,t3_ja64z0,TeddyWinters16,android user interest phone much interest releas year interest silicon mac info,2,1602607759.0
156,g8otbky,t3_ja64z0,WheatonWill,audio,1,1602594523.0
157,g8orhwk,t3_ja64z0,deleted,,1,1602593267.0
158,g8o3kr4,t3_ja64z0,twentyonekoala,announc card stuff interest card,0,1602568820.0
159,g8onv6n,t3_ja64z0,Escape_Relative,covid touch id face id sens touch id,0,1602590529.0
160,g8p2xwh,t3_ja64z0,jgreg728,blackspac gray variant pro happi case readi,1,1602600278.0
161,g8ollro,t3_ja64z0,creusifer,retail preordersreleas event best buy gift card ipad store,1,1602588523.0
162,g8oq6db,t3_ja64z0,shortestnamepossible,anyon guess much iphon iup,1,1602592315.0
163,g8p01j9,t3_ja64z0,foxdance,upgrad pro upgrad programm month payment pro anymor,-1,1602598667.0
164,g8p71qx,t3_ja64z0,deleted,,-3,1602602479.0
165,g8oi8rn,t3_ja64z0,MightyAxel,vehicul tsla thought,-1,1602585070.0
166,g8owpx8,t3_ja64z0,swmill08,x yesterday great pro min,-1,1602596709.0
167,g8pap4r,t3_ja64z0,jfish718,display usb c sick shit,-9,1602604364.0
168,g8oi26u,t3_ja64z0,Background_Till8786,news cloud game restrict,-1,1602584864.0
169,g8pa81w,t3_ja64z0,deleted,,0,1602604119.0
170,g8owo5r,t3_ja64z0,ContinuingResolution,major backlash touch id refresh rate,-6,1602596680.0
171,g8php4b,t3_ja64z0,chaiscool,hope useless batteri drain,-2,1602607944.0
172,g8ouqiw,t3_ja64z0,deleted,,-2,1602595456.0
173,g8olhwg,t3_ja64z0,UncleItachi,anyon current iphon model purchas end today,0,1602588422.0
174,g8olsb6,t3_ja64z0,deleted,,-8,1602588695.0
175,g8o2p82,t3_ja64z0,PhotekGames,surpris thank leak,-5,1602568021.0
176,g8ow91d,t3_ja64z0,deleted,,-7,1602596418.0
177,g8p1p09,t3_ja64z0,Deertopus,hi speed,-2,1602599590.0
178,g8oj2ix,t1_g8oi5z4,AOrangeOrange,fuck thread countdown clock,49,1602585971.0
179,g8nxztj,t1_g8nuty6,AirF225,airtag wors,31,1602564068.0
180,g8pg1ua,t1_g8nuty6,rawrtherapy,,1,1602607107.0
181,g8p8ruv,t1_g8p5kgi,silentblender,big pan crisp,3,1602603371.0
182,g8pbo31,t1_g8p5kgi,shmeebz,smell tim cook,2,1602604859.0
183,g8pejt0,t1_g8p5kgi,PedroDies,fastest iphon,2,1602606338.0
184,g8pfixe,t1_g8p5kgi,djquik1,speed,2,1602606835.0
185,g8ozyvz,t1_g8oy5ge,enjoytheshow,phone tank long year,6,1602598625.0
186,g8p177d,t1_g8oy5ge,windowsphoneguy,pro,4,1602599314.0
187,g8p00jq,t1_g8oy5ge,isaacseaman,iphon mini,3,1602598651.0
188,g8p1n83,t1_g8oy5ge,Niightstalker,iphon se mini pro,2,1602599562.0
189,g8orzhg,t1_g8or473,MajesticElphant,air pencil univers airpod feel complet fanboy,9,1602593609.0
190,g8otboh,t1_g8or473,Levelpart,watch last week gf iphon mini galaxi cheap iphon se watch macbook pro mac mini ipad last step ecosystem,3,1602594525.0
191,g8owtw5,t1_g8or473,Blackscure,boat iphon mini rumor batteri time thought problem lcd first iphon reconmend,2,1602596776.0
192,g8o0utp,t1_g8nzbdp,GSmba,,60,1602566396.0
193,g8pdfec,t1_g8nzbdp,SlothTheHeroo,time board,2,1602605771.0
194,g8ooble,t1_g8ompoo,besizzo,,52,1602590908.0
195,g8p98rd,t1_g8ompoo,throwaway_the_fourth,,3,1602603611.0
196,g8pdxyw,t1_g8p7yxp,noslab,thing introduc pencil gen,2,1602606032.0
197,g8o4ysc,t1_g8o08b1,FixedState,airpow,13,1602570132.0
198,g8o147s,t1_g8o08b1,JMAN_JUSTICE,glass,2,1602566622.0
199,g8oumi9,t1_g8o08b1,zenneutral,mac mini,1,1602595384.0
200,g8orfn7,t1_g8orbch,nvrendr,money touch id way,22,1602593222.0
201,g8pcn19,t1_g8pccte,Prof_Redd1t,laugh thank,1,1602605364.0
202,g8penuv,t1_g8pdo4g,JessicaAndDesi,regular pro pls,9,1602606396.0
203,g8nweme,t1_g8nvijx,JamesMcFlyJR,make word thing power mean keynot thing charger headphon box exact price,121,1602562868.0
204,g8nvu99,t1_g8nvijx,1milefromyourhouse,last time iphon x wrong,44,1602562455.0
205,g8nvtz2,t1_g8nvq23,mmmardybum,iphon ok peopl,1,1602562450.0
206,g8o3f44,t1_g8nx94c,Aptosauras,,21,1602568673.0
207,g8nxzk9,t1_g8nx94c,seven0feleven,liter cash gif,4,1602564063.0
208,g8pbkve,t1_g8pacmc,crestonfunk,hero mani mani peopl share aapl xr forese futur,2,1602604814.0
209,g8p6q96,t1_g8osylj,TommyDyatlov,goooood morn,2,1602602313.0
210,g8p4uaj,t1_g8p4leg,jayplus707,someon camera sensor max,4,1602601309.0
211,g8p9hdm,t1_g8p4leg,skepticofgeorgia,interest mini tire big phone,3,1602603735.0
212,g8pfh40,t1_g8pdjxo,aGlutenForPunishment,look max lidar sensor ram,3,1602606809.0
213,g8pekmi,t1_g8pdjxo,iapplexmax,max camera,2,1602606350.0
214,g8peoyo,t1_g8pdjxo,PrisonedMuffin,pro max rumor iphon mmwave promot,2,1602606411.0
215,g8pf3h7,t1_g8pdjxo,fwalice,iphon pro camera pro max price increas,2,1602606613.0
216,g8pgwbo,t1_g8pgmmi,ijohno,color background,3,1602607540.0
217,g8p30ik,t1_g8ozr5s,rossg876,way tv,2,1602600318.0
218,g8nxp5a,t1_g8nwod3,BenSova,glad today,19,1602563839.0
219,g8nylp0,t1_g8nwod3,Possible_Profession7,welcom park,1,1602564540.0
220,g8p2ixt,t1_g8p1ppf,deleted,,10,1602600050.0
221,g8pffft,t1_g8p1ppf,Conky53,og se port coupl year quarantin old se low behold metric fuckton lint port mini screw driver air sayin,3,1602606784.0
222,g8pefev,t1_g8p1ppf,IngsocInnerParty,wow much prop last phone year screen corner long,2,1602606277.0
223,g8pfjsg,t1_g8p1ppf,compounding,real dedic longev last year due ram limit year damn effort phenomen experi upgrad,2,1602606847.0
224,g8nz38z,t1_g8ny8ez,aj_og,gooood,20,1602564927.0
225,g8o2mb8,t1_g8nyhky,Panaikran,io iphon air,3,1602567946.0
226,g8nz4qz,t1_g8nyhky,shaunsingh0207,idk ipado io,-3,1602564959.0
227,g8ouvoj,t1_g8ouagj,AWildDragon,major architectur chang softwar billion dollar r whole lot hour,10,1602595547.0
228,g8p4493,t1_g8p2zco,xXx_Bacalhau_xXx,,5,1602600915.0
229,g8p79ve,t1_g8p2zco,crudos_na,x fanci effect,2,1602602596.0
230,g8p52c8,t1_g8p2zco,fgmhmd,,1,1602601431.0
231,g8peqty,t1_g8pc6i9,YouGottaKillYourMind,sign comment iphon long man featur true video qualityinterfac phone,2,1602606436.0
232,g8pg9ny,t1_g8pc6i9,basavarajk,boat samsung galaxi plus,2,1602607216.0
233,g8pdgb2,t1_g8pc6i9,Threat1evelmidnight,yacht pro though,1,1602605783.0
234,g8phdk4,t1_g8pfqmh,nogoalov11,camera sensor year pro differ batteri capac,1,1602607782.0
235,g8pg4ts,t1_g8pfqmh,Tiagoff,pro max,1,1602607149.0
236,g8pi0py,t1_g8phw8o,facemelt,bezel,2,1602608107.0
237,g8onfbu,t1_g8oj2xe,jimmygwabchab,peopl fine tbh iphon brick,8,1602590158.0
238,g8omp6g,t1_g8oj2xe,Antiax,,7,1602589527.0
239,g8oqcot,t1_g8oj2xe,CapnJujubeeJaneway,drown brick crap hous,4,1602592441.0
240,g8nzr44,t1_g8ny35c,neerualx,,9,1602565465.0
241,g8nz1pp,t1_g8ny35c,deleted,mini,9,1602564894.0
242,g8op4pu,t1_g8ojud9,carlosroldao,lord tim nov leak buy first iphon year android camera sensor soooo normal pro oct,2,1602591541.0
243,g8ozk61,t1_g8oz2tz,McFatty7,alway backup plan first time last gen premium phone,5,1602598391.0
244,g8p52lo,t1_g8oz2tz,jkskrap,pro max avail lot launch,1,1602601435.0
245,g8p57kp,t1_g8p4y2d,nermal543,preorder friday event releas friday rumor pro max mini model novemb alway onlin store pickup deliveri sure exact configur launch day import,3,1602601511.0
246,g8p5zoy,t1_g8p4y2d,NotRoryWilliams,store pandem mode store past launch day differ plan order avail debit card payment plan,3,1602601926.0
247,g8p58q4,t1_g8p4y2d,The_Ejj,store healthi stock day model certain skus,2,1602601528.0
248,g8p5l0k,t1_g8p4y2d,SuperSpy-,stock short suppli launch alway phone websitestor app appoint store line appoint upon thousand peopl store launch zoo insan covid precaut,2,1602601711.0
249,g8p69dh,t1_g8p4y2d,a_Dolphinnn,upgrad program phone pay month instal easi preorder live,2,1602602064.0
250,g8p5bac,t1_g8p4y2d,OmfgTim,store launch order onlin store phone home launch day,1,1602601566.0
251,g8p5mhg,t1_g8p4y2d,shmeebz,store date avail avail preorder,1,1602601733.0
252,g8p7cdb,t1_g8p6irj,deleted,,11,1602602632.0
253,g8p8yvf,t1_g8p6irj,NYKnickerbocker2,issu year,8,1602603471.0
254,g8p773c,t1_g8p6irj,no1deawhatimdoing,screen protector preinstal,7,1602602556.0
255,g8p6u3y,t1_g8p6irj,_dipvss,sure screen protector part store store up deliv impati,4,1602602370.0
256,g8nzamg,t1_g8nyhzm,Swastik496,trade,21,1602565092.0
257,g8nz25e,t1_g8nyhzm,aj_og,ecar plus,8,1602564903.0
258,g8onzw0,t1_g8om3xe,symmetryhawk,thee airpod auto connect mac sin,7,1602590638.0
259,g8oq652,t1_g8om3xe,yolomyfroyo,beta,1,1602592310.0
260,g8ool7e,t1_g8om3xe,iziizi,what big sur,0,1602591120.0
261,g8o633t,t1_g8o5t7q,AndyM03,reddit multipl request comment local app request time request id request time tom scott great video deliveroo,15,1602571219.0
262,g8oq52c,t1_g8opp6b,scatterbrain2015,peopl novemb event macbook stuff march event stuff regular mac ipad pros stuff airtag wireless charger etc,8,1602592289.0
263,g8pdhrv,t1_g8pda5d,IngsocInnerParty,order phone program phone box old phone old phone,3,1602605804.0
264,g8pdil4,t1_g8pda5d,Cossil,phone box old phone simpl,4,1602605815.0
265,g8php6y,t1_g8phfwz,facemelt,beauti,1,1602607946.0
266,g8pi1d6,t1_g8phfwz,TheYoungLung,peac goat type event,1,1602608116.0
267,g8p63u5,t1_g8p5ooj,hgisudhviladshgjkld,,1,1602601984.0
268,g8ph9mk,t1_g8ph1n9,PeachyKeen73,dad work,5,1602607726.0
269,g8ph9ko,t1_g8ph1n9,TheEccentricErudite,wild specul sourc,3,1602607725.0
270,g8pd1v7,t1_g8pcz6m,PrisonedMuffin,someth nice norm android devic,5,1602605577.0
271,g8pg3bk,t1_g8pcz6m,aGlutenForPunishment,ipad pros one promot nicer previous one dollar feel bad,3,1602607128.0
272,g8phcqp,t1_g8pcz6m,silentblender,sure ipad pro,3,1602607771.0
273,g8pep9x,t1_g8pcz6m,Renix,ipad pro refresh rate featur noth iphon user experi user thing differ impercept imo,2,1602606415.0
274,g8pfbse,t1_g8pcz6m,Potatopolis,phone post,2,1602606733.0
275,g8opwhz,t1_g8om93z,Paulyoceans,,3,1602592115.0
276,g8ozpx2,t1_g8oz5o4,NightStinks,notori leaker track record game long time,11,1602598483.0
277,g8pgcgr,t1_g8pg87b,M0shka,batteri problem updat,2,1602607256.0
278,g8nz841,t1_g8nwhf7,Level1TechSupport,signific drop anyth iphon xr,4,1602565034.0
279,g8p21ux,t1_g8p1w5y,Munkadunk667,octob,11,1602599789.0
280,g8pgsyy,t1_g8payrf,scatterbrain2015,mani transit enough stuff time,2,1602607492.0
281,g8pcyhn,t1_g8pc0ko,mageakeem,moron john prosser iphon twitter account right sourc,6,1602605529.0
282,g8peo58,t1_g8pdbb4,razeen25,preorder friday iphon announc avail week,3,1602606399.0
283,g8pff5u,t1_g8pdbb4,Engineeringcat,pre order deliveri,3,1602606780.0
284,g8pfpkl,t1_g8pexpj,Smry,event novemb mac lineup,5,1602606931.0
285,g8pfsa9,t1_g8pexpj,Javild,novemb,3,1602606970.0
286,g8pfof1,t1_g8pexpj,iapplexmax,late octob earli novemb,3,1602606914.0
287,g8pflpl,t1_g8pejq0,EricHill78,tech support last week amount peopl pro,8,1602606875.0
288,g8pg0l4,t1_g8pejq0,lIlIllIlIlI,bad peopl price drop,2,1602607088.0
289,g8pezka,t1_g8pejq0,someondowninatl,mine pro max,2,1602606559.0
290,g8nvwgu,t1_g8nv1mr,TheLookoutGrey,jonni ive,8,1602562500.0
291,g8ny6lc,t1_g8nww9t,1amjust,bro dream,6,1602564213.0
292,g8oihmu,t1_g8nww9t,Weekly_Rise,readi mini real nobrain upgrad time,1,1602585348.0
293,g8omndm,t1_g8nww9t,JulioCesarSalad,mous peopl mini case case manufactur solid dummi case time mini name size ship date oct,1,1602589482.0
294,g8op57l,t1_g8ome81,ChiodoS04,peopl sub iphon sub mask day point pass code phone,16,1602591552.0
295,g8orbnk,t1_g8ome81,CptCockStrong,chanc unlik real shame,7,1602593143.0
296,g8otgw8,t1_g8ome81,ledessert,maskfac id situat x appear mask anyth time bad face id mask,1,1602594622.0
297,g8o6pqo,t1_g8o64b9,Jailbreaker315,tomorrow haha,8,1602571841.0
298,g8oio6s,t1_g8o64b9,popientis,march,6,1602585549.0
299,g8onw7o,t1_g8o64b9,TURKEYSAURUS_REX,event last year stop listen twitter thing right event wrong product delay face kinda certain twitter user claim product readi,3,1602590553.0
300,g8p6k2x,t1_g8p6d37,punkchica321,preorder today friday noth concret afik,3,1602602233.0
301,g8p6g7d,t1_g8p6d37,rhyoliteindex,friday afternoon,3,1602602164.0
302,g8p9sys,t1_g8p8qil,shortestnamepossible,iphon instor collect phone iup process store employe uk differ countri,3,1602603901.0
303,g8pa97i,t1_g8pa3v7,Topher1999,iirc product instal card interest year,4,1602604136.0
304,g8paucq,t1_g8pa3v7,wamj,websit store app phone option month payment time payment,2,1602604438.0
305,g8pbj9b,t1_g8paawg,beall49,credit,4,1602604792.0
306,g8pboyl,t1_g8paawg,username2393,month loan,3,1602604871.0
307,g8pd552,t1_g8paawg,Toxic_Avenger94,support current phone amount much pocket iphon year program,2,1602605625.0
308,g8pd909,t1_g8pcr5u,SlothTheHeroo,,3,1602605679.0
309,g8pf8u0,t1_g8pcucp,nermal543,friday announc year rumor pro max mini model novemb eye model,1,1602606690.0
310,g8pdv75,t1_g8pddm2,Darkknight1939,x,5,1602605993.0
311,g8pe2wq,t1_g8pdf12,nn4260029,,9,1602606102.0
312,g8pevkk,t1_g8pdf12,WaistcoatedWriter,,1,1602606502.0
313,g8phpvz,t1_g8phj40,SUPRVLLAN,android year x,12,1602607955.0
314,g8oknxf,t1_g8oja0e,tothecore17,next year sweat,15,1602587606.0
315,g8o4sdl,t1_g8o4l40,Zarathustra2001,,5,1602569966.0
316,g8olb8p,t1_g8o4l40,____Batman______,card debitcredit card iphon upgrad program,2,1602588246.0
317,g8p5ipp,t1_g8p597o,RichestMangInBabylon,,5,1602601676.0
318,g8pcn6p,t1_g8p597o,shelby_zim01,back ur elbow,2,1602605367.0
319,g8p5myg,t1_g8p597o,sorryredditggg,naughti,1,1602601740.0
320,g8nxxr6,t1_g8nwr0m,youngsmoooveee,max month leak true,1,1602564024.0
321,g8o5bw6,t1_g8nwr0m,Lewdeology,certain gon scream loud neighbor,1,1602570480.0
322,g8nzl4e,t1_g8nwr0m,nam292,year,-2,1602565327.0
323,g8oqo0l,t1_g8oqhwv,German_Irish_chicken,microsoft product avail today surfac,3,1602592672.0
324,g8ovq5p,t1_g8olb2o,EricHill78,home interest home offic music,2,1602596090.0
325,g8ox3ko,t1_g8olb2o,ContinuingResolution,siri,2,1602596939.0
326,g8ov897,t1_g8olb2o,sbos_,,1,1602595773.0
327,g8ookt7,t1_g8olb2o,NSuave,nest hub cheap like room abl music whole hous hub max bump homepod anyth differ stupid imo,1,1602591111.0
328,g8p89zj,t1_g8p5ccj,Mindfulmanners,bacon beer,3,1602603114.0
329,g8p5lba,t1_g8p5ccj,sorryredditggg,popcorn chicken,6,1602601716.0
330,g8p6jlc,t1_g8p5ccj,popientis,steak homemad potato fri,4,1602602214.0
331,g8p63e9,t1_g8p5ccj,trident_mydent,cannabi cooki,2,1602601978.0
332,g8p3r64,t1_g8p2h09,Justgetmeabeer,guy funni randroid phone announc comment samsung phone year insert use featur iphon bad,1,1602600720.0
333,g8nxdbe,t1_g8nwpoq,AdamGregory1,novemb event,6,1602563586.0
334,g8omohl,t1_g8o26nt,palpatine-was-framed,discount xr next year model relat,1,1602589509.0
335,g8p5fcj,t1_g8o26nt,TheEmeraldDoe,,1,1602601626.0
336,g8oq4od,t1_g8oov1l,MysteriousLaptop,judg last time exampl x xs xs pro iphon,7,1602592281.0
337,g8oukwm,t1_g8oov1l,beall49,carrier big discount sure,3,1602595355.0
338,g8orxo9,t1_g8oov1l,LaneXYZ,carrier price sure,2,1602593574.0
339,g8owclp,t1_g8osonp,deleted,,1,1602596481.0
340,g8oyg6i,t1_g8oy1br,nermal543,placehold sunday anyth weekend,5,1602597740.0
341,g8nwqa1,t1_g8nvwzv,blakenator95,non exist io differ tech,13,1602563108.0
342,g8omqyd,t1_g8nvwzv,JulioCesarSalad,report lot articl script note phone singl thing touch cursor text reason updat touch id,5,1602589571.0
343,g8nw3k1,t1_g8nvv8o,throwmeaway1784,like deal retail watch black friday deal next month,6,1602562644.0
344,g8nw7o7,t1_g8nvv8o,JamesMcFlyJR,right,4,1602562729.0
345,g8omva0,t1_g8oklya,SSteve137,middl ground iphon se iphon xr,3,1602589676.0
346,g8otlar,t1_g8ot3j4,henrydavidthoreauawy,mistransl wide angl focal length,2,1602594703.0
347,g8ot8eu,t1_g8ot3j4,frame_of_mind,digit zoom,1,1602594462.0
348,g8okkjl,t1_g8oijm7,TheDapperDoctor,store day packagelabel old phone,4,1602587513.0
349,g8oja47,t1_g8oijm7,Aazadi,store uk safe mask usag temperatur hand empti,7,1602586192.0
350,g8ozre6,t1_g8owt2a,popdude35,home pair travel pair,5,1602598506.0
351,g8oyqkm,t1_g8owt2a,nermal543,bonus airpod one,4,1602597913.0
352,g8nvlk2,t1_g8nvfqy,deleted,nah joke time point,16,1602562279.0
353,g8p2ncb,t1_g8p25mw,SomeInternetRando,yes,18,1602600118.0
354,g8p5zbl,t1_g8p25mw,TommyDyatlov,yes,15,1602601921.0
355,g8p2f2w,t1_g8p25mw,jimmyjxmes,employe time time everyon differ thing hour crazi,8,1602599992.0
356,g8p2znr,t1_g8p25mw,jgreg728,lunch break,7,1602600304.0
357,g8p34px,t1_g8p25mw,brezzy413,anyth launch day,9,1602600380.0
358,g8p2l03,t1_g8p25mw,crunchtaco,day event,5,1602600083.0
359,g8p2hku,t1_g8p25mw,deleted,,1,1602600030.0
360,g8oj1i5,t1_g8o6cn7,Wholistic,camera possibl phone possibl camera possibl regardless size,3,1602585941.0
361,g8ov270,t1_g8ou3ix,awh,wwdc keynot lot guy road store lunch break macbook pro morn,2,1602595665.0
362,g8ovhjf,t1_g8oukua,nermal543,iphon preorder live friday event differ year rumor mini pro max model til novemb way like announc preorder date event,8,1602595938.0
363,g8ova4y,t1_g8oukua,McFatty7,virus announc iphon tuesday open preorder friday readi pickupdeliveri next week wildcard,3,1602595807.0
364,g8ovcxu,t1_g8oukua,ppParadoxx,past sever year event tuesday preorder friday iphon preorder follow friday due product delay year covid launch schedul place firm schedul today,3,1602595856.0
365,g8ov87v,t1_g8oukua,LMY723,day,0,1602595773.0
366,g8phytb,t1_g8phhlx,TheYoungLung,websit man reliabl resolut,6,1602608081.0
367,g8phw6n,t1_g8phhlx,JessicaAndDesi,tend laggi,4,1602608044.0
368,g8phz4k,t1_g8phhlx,hassky-,tv app,1,1602608085.0
369,g8phptg,t1_g8phiee,deleted,preorder x camera,2,1602607954.0
370,g8p3lsb,t1_g8p0z3j,TurbineNipples,xdr monitor standard monitor,1,1602600639.0
371,g8pfror,t1_g8peyg6,Lumpiest_Princess,everyon hype airtag curious,13,1602606961.0
372,g8opkwu,t1_g8onzk8,Harvest93,normal event start next friday,6,1602591882.0
373,g8orphd,t1_g8onzk8,JonathanRaue,inch model avail friday next week iphon mini second week novemb pro max last week novemb,2,1602593415.0
374,g8owll4,t1_g8ov3lt,CrimsonEnigma,tracker tile owner decent market,9,1602596636.0
375,g8ovefk,t1_g8ov3lt,nermal543,wrong lot effect tracker item nearbi io devic,4,1602595883.0
376,g8ovvke,t1_g8ov3lt,McFatty7,airtag u chip u chip use peopl thing compass item,3,1602596185.0
377,g8ox8bg,t1_g8ov3lt,frockinbrock,massiv triangul network coin size gps tracker citi price rang batteri life separ app subscript chip huge game changer bike car etc singl purchas price purchasesubscript bike someth,5,1602597018.0
378,g8ow9jw,t1_g8ov3lt,Hrekires,price rid tile keychain sake abl singl app find phone everyth,2,1602596427.0
379,g8ovgcb,t1_g8ov3lt,Do_It_Dad_forsenSS,logo,5,1602595916.0
380,g8otbqz,t1_g8or2pd,danivideda2,morn yall,1,1602594526.0
381,g8ox3r7,t1_g8ownoj,MrHaxx1,batteri life case scenario due optim screen cpu,2,1602596942.0
382,g8pdgey,t1_g8pcc51,wamj,area coverag,3,1602605785.0
383,g8pgozm,t1_g8pcc51,scatterbrain2015,network next year ipad,1,1602607434.0
384,g8oksup,t1_g8okk4i,frencbacon100,impress long batteri life,6,1602587742.0
385,g8ov9x7,t1_g8okk4i,sbos_,haha,1,1602595803.0
386,g8opeh4,t1_g8ooti7,sgalligan17,,2,1602591747.0
387,g8oz16v,t1_g8oxwab,ChokingTermite,friend,5,1602598087.0
388,g8opgdg,t1_g8opaav,WolfXemo,et,7,1602591787.0
389,g8oqlkn,t1_g8oq1av,nermal543,peopl first someday way port year,7,1602592622.0
390,g8oun7l,t1_g8oq1av,The_Paul_Alves,plug wire headphon headphon hour week,3,1602595397.0
391,g8ot3v0,t1_g8oq1av,Aaraeus,rumor state usbc forc iphon thicker airpow port today europ cabl everyth usbc hdmi power charger usb dvi vga cabl environ,3,1602594378.0
392,g8ou8au,t1_g8ot036,beall49,last generat price perfect,3,1602595125.0
393,g8ot9kj,t1_g8ot036,rhyoliteindex,tv upgrad sort virtual support dolbi vision perform upgrad abl game,1,1602594485.0
394,g8ovub5,t1_g8ot036,nychuman,thing upgrad smallerno notch huge gain batteri everyth inconsequenti,1,1602596163.0
395,g8p44n8,t1_g8p2y9u,porta-potty-bus,sure credit check citizen bank month card,3,1602600921.0
396,g8p34ok,t1_g8p2y9u,CaptainAmerica_,sure iphon upgrad program payment method sure,5,1602600380.0
397,g8nwkcp,t1_g8nw2ow,roxy031,dog,13,1602562987.0
398,g8nwyy3,t1_g8nw2ow,da3m0nn,everyth life,6,1602563287.0
399,g8o521b,t1_g8nw2ow,nooeh,onlyfan,5,1602570217.0
400,g8nx1l5,t1_g8nw2ow,IamtheSlothKing,everyon camera year,6,1602563342.0
401,g8o6ul3,t1_g8o6oy1,username_needed_or,overr featur phone age,-3,1602571974.0
402,g8o03z1,t1_g8nvpoo,saetarubia,camera year,1,1602565762.0
403,g8o2t3i,t1_g8nvpoo,GeneralTBag,max sensor,1,1602568117.0
404,g8oxx6u,t1_g8oxev5,jimmygwabchab,next year year thing great origin model phone hardwar next year rumour point next year usb c money touch id side button mask life norm nois bit next year today,6,1602597427.0
405,g8oyqpu,t1_g8oxev5,therocksome,canada monopoli horribl carrier support canadian experi,6,1602597915.0
406,g8p5wtg,t1_g8oxev5,ColorfulImaginati0n,solut build fingerprint sensor power button,2,1602601884.0
407,g8p0wfh,t1_g8oxev5,tojikomori,era face mask og se reason partner battl face id groceri store wrong time touch id year abl face id mask face id unlock code huge step backward conveni crazi current devic processor conveni model,2,1602599147.0
408,g8okf4e,t1_g8ok9nw,CivilHedgehog2,screen notch thing true generat,5,1602587365.0
409,g8okf4o,t1_g8ok9nw,tothecore17,actual featur someth screen till year upgrad bc x max version iphon,3,1602587365.0
410,g8oqsov,t1_g8ok9nw,petchulio,ton offer curious price littl normal model pandem economi favor,1,1602592766.0
411,g8oiy7g,t1_g8oi4ia,Wholistic,product delay avail price,4,1602585846.0
412,g8oimkm,t1_g8oi4ia,popientis,headphon charger brick batteri rumor true ole screen compat cost,5,1602585498.0
413,g8oyp1z,t1_g8owtcm,nermal543,cheap way mini leak mini id major batteri life,3,1602597888.0
414,g8oyrdc,t1_g8owtcm,sandefurian,ce,4,1602597926.0
415,g8p54hr,t1_g8owtcm,exhibitionista,way pro face id mask work consid pro fingerprint id ship pixel feel fingerprint id tough sell peopl sick password,1,1602601464.0
416,g8phbz6,t1_g8pgh2z,PeachyKeen73,glass today wish think ghost pepper,5,1602607760.0
417,g8phor7,t1_g8pgh2z,____Batman______,wrong year,3,1602607939.0
418,g8phzdb,t1_g8phbw8,Marko_Tropoja,next month arm mac today,2,1602608088.0
419,g8ou5m1,t1_g8otbky,MajesticElphant,ca stream safari background,2,1602595075.0
420,g8ou5rj,t1_g8otbky,McFatty7,mobil desktop browser,2,1602595078.0
421,g8osz3s,t1_g8orhwk,nvrendr,show pic,8,1602594288.0
422,g8oryuv,t1_g8orhwk,TheMattbob5,homepod mini,4,1602593597.0
423,g8osc96,t1_g8onv6n,xStreame,authent option sens,5,1602593852.0
424,g8p5v91,t1_g8p2xwh,joer1220,dude pro max time past month need batteri case,3,1602601862.0
425,g8oqsat,t1_g8ollro,nermal543,retail preorder gift card,1,1602592758.0
426,g8oqtuj,t1_g8oq6db,Tenno_Scoom,pro max,3,1602592789.0
427,g8pf0ko,t1_g8p01j9,shaunsingh0207,phone luxuri item someth nessecari,1,1602606573.0
428,g8p906y,t1_g8p71qx,Mindfulmanners,convert destin keynot convert nice weather experi everyon experi phone spec benchmark,9,1602603490.0
429,g8p8sp2,t1_g8p71qx,MKT17,yeah yacht servic jet signal,6,1602603383.0
430,g8p7j2m,t1_g8p71qx,punkchica321,first world problem anxieti live safe trip,3,1602602729.0
431,g8oxuyc,t1_g8owpx8,LaneXYZ,phone,10,1602597392.0
432,g8oxexn,t1_g8owpx8,nermal543,event sure,8,1602597129.0
433,g8ox5cv,t1_g8owpx8,MrHaxx1,great futur trump presid,14,1602596970.0
434,g8pbn79,t1_g8pap4r,GAT_SDRAWKCAB,thing interest malleabl brand term tech support io interconnect,11,1602604846.0
435,g8pbxyf,t1_g8pap4r,agreeableperson,diet coke ice mouth servend cev countertop flomat valv sanitari lever postmix beverag dispens intern carbon system,10,1602605001.0
436,g8pb06h,t1_g8pap4r,swar1es_barkley,,11,1602604518.0
437,g8pb9n6,t1_g8pap4r,frogmaskedchild,thing decis android iphon phone,8,1602604654.0
438,g8pbhu5,t1_g8pap4r,DonkiestOfKongs,current iphon unus killer featur,7,1602604772.0
439,g8pbm61,t1_g8pap4r,username2393,ipad pro differ iphon rate,6,1602604832.0
440,g8paz2k,t1_g8pap4r,Sethmeisterg,display mean killer icat speed refresh,2,1602604503.0
441,g8pdah5,t1_g8pap4r,mageakeem,wtf obsess guy usbc fuck connector thing fine,1,1602605700.0
442,g8olzx3,t1_g8oi26u,DeeVeeOus,,5,1602588890.0
443,g8pbneq,t1_g8pa81w,beall49,note pixel android damn notif window shit crazi,2,1602604849.0
444,g8ozqnu,t1_g8owo5r,schrute-farms-inc,peopl phone,11,1602598495.0
445,g8p27jt,t1_g8owo5r,Fermats_Last_Account,general popul give fuck tech care,9,1602599877.0
446,g8ox0u0,t1_g8owo5r,MrHaxx1,backlash randroid anyon matter,15,1602596894.0
447,g8ozc0u,t1_g8owo5r,hamberdler,refresh rate phone major backlash,6,1602598262.0
448,g8ovmjm,t1_g8ouqiw,fear_of_trains,wow detail edgi,5,1602596027.0
449,g8ovlst,t1_g8ouqiw,AlphaBones,previous year hefti discount year interest free fice bonus,1,1602596014.0
450,g8omu1y,t1_g8olhwg,nextgeneric,pretti sure iphon pro avail preorder end week rumor max avail,2,1602589646.0
451,g8oqdwr,t1_g8olhwg,scatterbrain2015,stuff websit watch abl iphon,1,1602592466.0
452,g8om47j,t1_g8olsb6,0800-BLINY,smh,9,1602589001.0
453,g8owwpx,t1_g8ow91d,Mindfulmanners,digit pro model estim max storag middl storag pro max,5,1602596824.0
454,g8owx8i,t1_g8oj2ix,virusamongus,stupid stupid,16,1602596833.0
455,g8o9188,t1_g8nxztj,deleted,,34,1602574267.0
456,g8omg07,t1_g8nxztj,JulioCesarSalad,air today gon coupl tile tile march,3,1602589300.0
457,g8p8yok,t1_g8p8ruv,TheEmeraldDoe,pie,2,1602603468.0
458,g8pgfhx,t1_g8pfixe,iapplexmax,mctim,1,1602607300.0
459,g8p1h9s,t1_g8p177d,greatblackowl,awesom upgrad se iphon regular differ,3,1602599470.0
460,g8otzgx,t1_g8otboh,McFatty7,cheap iphon se watch ehh watch use thing phone bank app navig phone se watch,3,1602594963.0
461,g8oxj5g,t1_g8owtw5,McFatty7,pixel xl ole screen lcd screen ole lcd ole iphon iphon regular bet regular size iphon batteri life,3,1602597197.0
462,g8o688g,t1_g8o0utp,rcast16,video cue trendi altern song,48,1602571359.0
463,g8otk96,t1_g8ooble,deleted,,25,1602594684.0
464,g8otgct,t1_g8ooble,VVaklav,nah until iphon ole usbc bootabl android half terabyt storag gig ram lensen worth,0,1602594611.0
465,g8omk6x,t1_g8o4ysc,JulioCesarSalad,airpow way,2,1602589405.0
466,g8o40qz,t1_g8o147s,ponyboy3,,21,1602569235.0
467,g8pf9rw,t1_g8penuv,Topher1999,pro max batteri,3,1602606704.0
468,g8nx3bp,t1_g8nweme,kevinmise,paradigm shift glass next,33,1602563380.0
469,g8nvztn,t1_g8nvu99,Angryangmo,yup vilcvdnhmtag nostalgia,35,1602562568.0
470,g8nwlr8,t1_g8nvtz2,BenSova,phone se,13,1602563016.0
471,g8o37hj,t1_g8nvtz2,HAL_9_TRILLION,se trust mini fingerprint sensor se finger suck safari memori webpag problem page ie phone ram browser camera motherfuck low light camera second pictur blur useless piec shit stuff,4,1602568481.0
472,g8pgtos,t1_g8o3f44,Baykey123,steve,1,1602607502.0
473,g8pfiyn,t1_g8pbkve,Naus1987,man product year love ipad pro everyth mind iphon much everyth mac comput,1,1602606835.0
474,g8perok,t1_g8pekmi,DaBombDiggidy,ahh mmwave real short rang high bandwidth connect thank,3,1602606448.0
475,g8pgh78,t1_g8peoyo,notsostrong,promot,1,1602607324.0
476,g8phhow,t1_g8pf3h7,DaBombDiggidy,yup generat thing fresh gen upgrad haha solid phone tbh camera major poop,1,1602607838.0
477,g8p7xh9,t1_g8p30ik,deleted,mine lost month thank good iphon remot app,2,1602602936.0
478,g8ol1sx,t1_g8nxp5a,WatchDude22,morn,2,1602587990.0
479,g8p4kwr,t1_g8p2ixt,111100010001,resili funni girlfriend,5,1602601167.0
480,g8pgtky,t1_g8pffft,111100010001,yeah avail similar issu age much lint satisfi angl,1,1602607500.0
481,g8pfqxk,t1_g8pefev,111100010001,haha thank surpris small issu iphon time charger port releas best phone,1,1602606951.0
482,g8oiby6,t1_g8nz38z,Weekly_Rise,mornaang gooood morg cupertino,12,1602585171.0
483,g8o4jk6,t1_g8nz38z,ChangeAndAdapt,thank thank thank,11,1602569731.0
484,g8o0h1l,t1_g8nz4qz,theapogee,nope recent,9,1602566070.0
485,g8peilo,t1_g8p52c8,TheEmeraldDoe,link work,1,1602606321.0
486,g8ph6mo,t1_g8pg4ts,WarKnightBeast,xs max year larg iphon pro,4,1602607684.0
487,g8phr8l,t1_g8pg4ts,____Batman______,xs max,3,1602607974.0
488,g8phdzg,t1_g8pg4ts,Hooleigan,thing upgrad plan sens,2,1602607787.0
489,g8oo0kg,t1_g8omp6g,besizzo,peopl redditor,5,1602590653.0
490,g8ov6c4,t1_g8oqcot,beall49,pro last year usbc style brick,5,1602595739.0
491,g8or535,t1_g8oqcot,petchulio,obsolet anyway,1,1602593014.0
492,g8o08f0,t1_g8nz1pp,1amjust,other size hand phone bulki pocket,26,1602565867.0
493,g8nzjhm,t1_g8nz1pp,smoke_dogg,size,12,1602565290.0
494,g8nzbbc,t1_g8nz1pp,MKBxyz,size everyon larg phone iphon pro pro,8,1602565107.0
495,g8ozqqk,t1_g8ozk61,littlebluekid,ok carrier,1,1602598496.0
496,g8p5i8g,t1_g8p57kp,Str1der,store pickupdeliveri store,1,1602601670.0
497,g8p5jiw,t1_g8p58q4,Str1der,retail best buy,1,1602601689.0
498,g8p5myv,t1_g8p5l0k,Str1der,retail best buy store,1,1602601741.0
499,g8pa56e,t1_g8p69dh,shortestnamepossible,credit inform iphon person,1,1602604078.0
500,g8p5l53,t1_g8p5bac,Str1der,thank,1,1602601713.0
501,g8p5o4a,t1_g8p5mhg,Str1der,retail best buy,1,1602601758.0
502,g8p7f4q,t1_g8p7cdb,punkchica321,thank,3,1602602672.0
503,g8p7cir,t1_g8p773c,punkchica321,okay thank trust screen protector caus shaki hand,3,1602602634.0
504,g8p9tim,t1_g8p6u3y,tjbyrne2,head store august case screen protector genius due covid protector,2,1602603909.0
505,g8p7dtv,t1_g8p6u3y,punkchica321,up deliv thank,1,1602602653.0
506,g8nzemf,t1_g8nzamg,vaporwave_enthusiast,various separ trade in card gift account balanc readi,15,1602565180.0
507,g8nz57q,t1_g8nz25e,vaporwave_enthusiast,grace period safe store pickup,9,1602564969.0
508,g8oug2w,t1_g8onzw0,TheScand,abl mac sweet,3,1602595266.0
509,g8oudzc,t1_g8oq652,TheScand,beta month macbook pro daili driver work person use risk actual public releas much chanc someth wrong,2,1602595228.0
510,g8ouaj3,t1_g8ool7e,TheScand,lot peopl design look abl youtub safari nice,3,1602595165.0
511,g8o66ru,t1_g8o633t,greenMaverick09,thank,3,1602571319.0
512,g8o6tmf,t1_g8o633t,JungleStirFry,nah case autom thread hour hour issu request second,4,1602571948.0
513,g8pdrte,t1_g8pdhrv,viachicago22,okay clear option program,3,1602605945.0
514,g8p6lyw,t1_g8p63u5,stillpiercer_,firstparti integr thing someth tile,6,1602602255.0
515,g8p6jo1,t1_g8p63u5,gaysaucemage,tile pro last year sever month airtag rumor tile fine airtag advantag ultra wideband chip precis softwar,3,1602602215.0
516,g8phh1f,t1_g8pd1v7,TheBlueHatMan,iphon year samsung avail panel fold,1,1602607830.0
517,g8pgnos,t1_g8pgcgr,jonas691,year constant lagg app enough ram app phone app work nightmar googl iphon work phone issu,1,1602607416.0
518,g8pho59,t1_g8pg0l4,Prof_Redd1t,op next half hour min event comment price et et,3,1602607930.0
519,g8nxnxa,t1_g8nvwgu,IAMSNORTFACED,jonni ive design materi process beauti render cours shot mmm present,10,1602563813.0
520,g8p1era,t1_g8nvwgu,Baykey123,brand revolutionari fluoroelastom,1,1602599430.0
521,g8opjau,t1_g8op57l,JulioCesarSalad,secur yes secur face id care touch id crazi secur journalist protest person phone inconveni work passcod time,9,1602591848.0
522,g8p18jf,t1_g8op57l,Baykey123,yeah mask hour day work million health worker touch id age mask,2,1602599335.0
523,g8orez5,t1_g8orbnk,JulioCesarSalad,ipad touch id secret,3,1602593208.0
524,g8pa1lr,t1_g8p9sys,Str1der,phone wife upgrad program preorder programmonth payment full price preorder,3,1602604027.0
525,g8pasqg,t1_g8pa97i,nermal543,iphon year ipad year accessori month sure breakdown year fice,6,1602604415.0
526,g8pdyir,t1_g8pboyl,mynameisdpc,iphon card fice,1,1602606040.0
527,g8pfp5b,t1_g8pf8u0,PrisonedMuffin,preorder live devic friday pro mini novemb,1,1602606925.0
528,g8pe21o,t1_g8pdv75,Glassc0,horribl fact rumor anyon substanti basi theori,0,1602606089.0
529,g8pf032,t1_g8pevkk,WaistcoatedWriter,screen record command shift video,0,1602606566.0
530,g8pfxyu,t1_g8pevkk,shortestnamepossible,jpg version pictur format unn video,0,1602607051.0
531,g8phwdt,t1_g8phpvz,myrisotto73,week articl print reader button,6,1602608047.0
532,g8o4vzi,t1_g8o4sdl,themindspeaks,fice card rest product part iphon upgrad program hand iphon upgrad year,3,1602570060.0
533,g8os4xm,t1_g8oqo0l,nomadofwaves,gf laptop class lot money surfac work,2,1602593713.0
534,g8ozjvp,t1_g8ovq5p,_dipvss,homepod music tv sound impeach,2,1602598386.0
535,g8p6c4h,t1_g8ox3ko,BelievesItsNotButter,matter speaker sono assist,1,1602602104.0
536,g8p5kyn,t1_g8p3r64,RaritysDimond,plenti peopl iphon upgrad year year old iphon,2,1602601711.0
537,g8p5yrb,t1_g8p3r64,RichestMangInBabylon,bad switch android samsung differ android phone audio jack remov year think major downgrad phone time old,2,1602601912.0
538,g8p6dwb,t1_g8p3r64,NineSwords,lucki plan phone year cheap case money old ebay one strang money old phone clear disadvantag other phone unhyp peopl thread year plan upgrad phone year upgrad increment shit littl bit camera littl bit batteri littl bit side,2,1602602129.0
539,g8p53q1,t1_g8p3r64,LuisTheHuman,,1,1602601452.0
540,g8p5xpp,t1_g8p3r64,TommyDyatlov,remov featur samsung googl featur iphon ppl care experi phone,1,1602601897.0
541,g8nxo0p,t1_g8nxdbe,BenSova,event month septemb novemb sad nice someth,5,1602563815.0
542,g8oxfka,t1_g8owclp,iUs3Reddit,price power mini,1,1602597139.0
543,g8oz1hu,t1_g8oyg6i,mycrafty,fair thank,2,1602598092.0
544,g8o0d5l,t1_g8nwqa1,Adama82,place,1,1602565979.0
545,g8ov1bc,t1_g8omqyd,Itsme_eljefe,main use touch space bar cursor,2,1602595650.0
546,g8ou44i,t1_g8otlar,ZePyro,zoom ultrawid way zoom number asus zenfon yknow everyon standard way much x zoom len,1,1602595048.0
547,g8ouazm,t1_g8ot8eu,ZePyro,welp digit zoom that fine tele photo oneplus,2,1602595174.0
548,g8okn3m,t1_g8okkjl,Grantus89,uk everi time store pickup option,1,1602587584.0
549,g8ojbwp,t1_g8oja47,Grantus89,train store,6,1602586244.0
550,g8ojov0,t1_g8oja47,BauerUK,enforc place store mask exempt,5,1602586616.0
551,g8ova8h,t1_g8oja47,beall49,california,1,1602595808.0
552,g8ozjsj,t1_g8oyqkm,JulioCesarSalad,cousin,3,1602598385.0
553,g8p2re8,t1_g8p2f2w,jayplus707,make hour vacat iphon vacat today,5,1602600180.0
554,g8p4u7x,t1_g8p2l03,insertjokehere69,guy schedul event,2,1602601308.0
555,g8p2scz,t1_g8p2hku,jayplus707,ditto,0,1602600195.0
556,g8oxh52,t1_g8ov270,scatterbrain2015,thank excit chanc today tomorrow awesom,1,1602597164.0
557,g8p5m81,t1_g8p3lsb,iOceanLab,mani profession imag video color perfect,3,1602601730.0
558,g8p6cdh,t1_g8p3lsb,TommyDyatlov,gamer reason afaik wrong window maco hz anim,0,1602602108.0
559,g8ph3ir,t1_g8pfror,SirCharlesEquine,hous kid tag problem,6,1602607641.0
560,g8pg0gp,t1_g8pfror,SteelSpark,iphon tile steroid,10,1602607087.0
561,g8pfv8t,t1_g8pfror,Potatopolis,key childish level nice someth iter year,6,1602607013.0
562,g8pfw02,t1_g8pfror,MalevolentFerret,tile nice idea theori practic tile pros last year,3,1602607023.0
563,g8owukl,t1_g8orphd,ContinuingResolution,ridicul pro jesus,1,1602596788.0
564,g8oyo6z,t1_g8ovefk,BagelBites619,huge plus side tile io user base huge advantag airtag reliabl advantag abl product os kinda suck tile rip,2,1602597874.0
565,g8ovpo4,t1_g8ovefk,zenneutral,fair devic usual suspect place excit,-2,1602596082.0
566,g8p2bt3,t1_g8ox8bg,deleted,,0,1602599941.0
567,g8pe6dj,t1_g8pdgey,economist_corgz,sure life cycl ipad,1,1602606151.0
568,g8okw0n,t1_g8oksup,JohnApple94,sure sarcast peopl specif featur stick old phone,29,1602587831.0
569,g8opgqj,t1_g8opeh4,glockout40,sure might event iv crush later,1,1602591794.0
570,g8orhl7,t1_g8oqlkn,petchulio,yeah right year workaround car carplay lightn port wireless carplay,4,1602593261.0
571,g8p66bq,t1_g8oun7l,BelievesItsNotButter,peopl matter,1,1602602020.0
572,g8p0270,t1_g8ou8au,legolas1264,true great phone,1,1602598677.0
573,g8p388z,t1_g8p34ok,linkx2252,hmmm okay start year year payment upgrad credit card everyth,2,1602600435.0
574,g8oima3,t1_g8nx1l5,Weekly_Rise,photo thing envious peopl phone huge notic improv someth day,3,1602585489.0
575,g8o72v6,t1_g8o6ul3,Canihaveastrawplease,,5,1602572207.0
576,g8oxv4v,t1_g8o6ul3,MEGALIGHTNINGTACO,,1,1602597395.0
577,g8o76cf,t1_g8o6ul3,almighty_bacon,phone,-2,1602572304.0
578,g8ozqi8,t1_g8oxx6u,youslippin,rumour point next year usb c wireless puck leak portless next year,6,1602598493.0
579,g8ozi2k,t1_g8oxx6u,schrute-farms-inc,money touch id side button mask life norm next septemb august pessimist vaccin forecast next summer point,2,1602598358.0
580,g8oyx8g,t1_g8oxx6u,deleted,,2,1602598023.0
581,g8p2a74,t1_g8oxx6u,tojikomori,touch id side button small confid match fingerprint side button sensor,1,1602599916.0
582,g8ozoan,t1_g8oyqpu,TyBytMyn,watch monopoli said week site one anyth tbh super starlink limit servic bellrogerstelus,3,1602598458.0
583,g8p5ez7,t1_g8oyqpu,BelievesItsNotButter,roger speed lte,1,1602601620.0
584,g8ozpo0,t1_g8oyqpu,runrunrunaway12,carrier,1,1602598479.0
585,g8p2sn1,t1_g8p0wfh,EnRaygedGw2,face id fingerprint road time next year mask altern face id mask pin number face id time,3,1602600199.0
586,g8omvy1,t1_g8oimkm,thucydidestrapmusic,thing everybodi nobodi brilliant,2,1602589691.0
587,g8p6kjj,t1_g8oyp1z,PorgDotOrg,touch id peopl touch id much mani hour day mask enough downgrad current phone develop processsuppli chain enough time featur last minut chassi design iphon unrealist criteria part,2,1602602241.0
588,g8p2x4i,t1_g8oyrdc,a-dog-meme,se,1,1602600266.0
589,g8pcdfv,t1_g8p54hr,PorgDotOrg,pixel experi android kind mess pixel line kind stagnat question qualiti nowaday fingerprint sensor back pixel se transit touch id phone real fault,1,1602605225.0
590,g8phhey,t1_g8phbz6,nomadofwaves,,3,1602607835.0
591,g8owjfi,t1_g8ou5m1,WheatonWill,mobil road,1,1602596599.0
592,g8owi44,t1_g8ou5rj,WheatonWill,mobil android day,2,1602596576.0
593,g8osf8e,t1_g8osc96,Escape_Relative,unnecessari key fine use mask,0,1602593909.0
594,g8p8oma,t1_g8p5v91,Mindfulmanners,fathom batteri capac servic next screen day time,1,1602603324.0
595,g8ph9nw,t1_g8pf0ko,foxdance,thing bit differ month time feasibl,1,1602607727.0
596,g8p9qt8,t1_g8p906y,nomadofwaves,jeep door fall spring reason drive bikini top shade case,3,1602603870.0
597,g8oxmxj,t1_g8ox5cv,swmill08,past year releas substanti bust x ok year,-6,1602597259.0
598,g8pcb4i,t1_g8pbn79,scaradin,ya seem specif arbitrari issu ecosytem proprietari plug great screen refresh rate cost,1,1602605191.0
599,g8pcpb7,t1_g8pbxyf,FormerBandmate,imagin gucci smarttoilet,3,1602605398.0
600,g8pbsug,t1_g8pb06h,jfish718,see enjoy featur,-2,1602604927.0
601,g8pbun9,t1_g8pbm61,Jespy,funni differ brother oneplus differ night day notic pc peopl notic differ game differ phone screen super notic,1,1602604953.0
602,g8pbuz7,t1_g8pbm61,XPGamingYT,differ person person peopl slight differ display,1,1602604958.0
603,g8pgzm0,t1_g8pbm61,ElDuderino2112,eye differ,1,1602607585.0
604,g8pbz2t,t1_g8pbm61,human_uber,wrong much attent product,-1,1602605017.0
605,g8pbf2n,t1_g8paz2k,EasySolutionsBot,big deal make everyth,2,1602604733.0
606,g8pbgih,t1_g8paz2k,rookinn,op much iphon cost killer icat thing ipad pro promot iphon jar,3,1602604753.0
607,g8pfb2h,t1_g8olzx3,shaunsingh0207,compani web app,1,1602606722.0
608,g8oxd6q,t1_g8ox0u0,Ilikereddit420,peopl touch id mask time,1,1602597100.0
609,g8om9vc,t1_g8om47j,NeoGrotesk,small batteri percentag,9,1602589146.0
610,g8p7upr,t1_g8o9188,nawfuq,last year ipad pro amaz iphon readi mobil environ es ecosystem usbc nonstart shift consum macbook keyboard bezel servic right line lidar usbc otherwis year pixel,3,1602602896.0
611,g8p8kkv,t1_g8o9188,Asiriya,ipad year lucrat,3,1602603267.0
612,g8p9mum,t1_g8p8yok,BonusChico,rest turnov,2,1602603813.0
613,g8p2m9r,t1_g8otzgx,Fermats_Last_Account,app secur reason bank app support io version phone upgrad app io version minimum,2,1602600102.0
614,g8ouu2i,t1_g8otk96,beall49,hairid futur,11,1602595519.0
615,g8pejbr,t1_g8nvztn,mckinneymd,wrong tim cook first time line keynot right,2,1602606331.0
616,g8p6vi0,t1_g8nwlr8,mmmardybum,yeah joke,2,1602602390.0
617,g8p6z3y,t1_g8o37hj,mmmardybum,thank insight man cours old model se,1,1602602441.0
618,g8pfr8g,t1_g8pfiyn,crestonfunk,run protool adob softwar window pro tool window,1,1602606955.0
619,g8pfy5z,t1_g8perok,iapplexmax,yep mmwave one major improv place support atm camera much differ lowlight photographi similar,1,1602607054.0
620,g8pgwn5,t1_g8perok,Rcmacc,correct,1,1602607544.0
621,g8pha97,t1_g8pgh78,PrisonedMuffin,like rumor last week pro max one lineup,1,1602607735.0
622,g8p67nw,t1_g8p4kwr,deleted,,2,1602602040.0
623,g8pc33x,t1_g8o4jk6,EasySolutionsBot,developersdevelopersdevelopersdevelop,1,1602605074.0
624,g8o0sbs,t1_g8o0h1l,shaunsingh0207,sorri,8,1602566338.0
625,g8ooy5a,t1_g8oo0kg,ChiodoS04,home power brick,4,1602591401.0
626,g8p8ipl,t1_g8ov6c4,freeparKing33,brick one airpod pros lightn usbc cord,2,1602603240.0
627,g8p134t,t1_g8ozqqk,ppParadoxx,mom bad camera discount,2,1602599250.0
628,g8p5wad,t1_g8p5i8g,nermal543,store pickup pickup store deliveri mean home,2,1602601877.0
629,g8p5obu,t1_g8p5jiw,The_Ejj,stori retail phone carrier stock degre,1,1602601761.0
630,g8p770q,t1_g8p5myv,SuperSpy-,devic store ecom mani case peopl horribl mislead servic rdparti store,1,1602602555.0
631,g8pc8lr,t1_g8pa56e,a_Dolphinnn,person websit,1,1602605155.0
632,g8p610h,t1_g8p5o4a,nermal543,deal preorder stock releas day particular,1,1602601945.0
633,g8p7z11,t1_g8p7cir,no1deawhatimdoing,screen protector instal kit phone place protector,5,1602602958.0
634,g8pa7bm,t1_g8p9tim,_dipvss,sens one amazon thank head,1,1602604109.0
635,g8pebya,t1_g8p9tim,punkchica321,huh thank head,1,1602606229.0
636,g8o2cze,t1_g8nz57q,iainmoncrief,gold money card,11,1602567713.0
637,g8o856h,t1_g8o6tmf,AndyM03,ah fair cop time nice catch,2,1602573309.0
638,g8pdxxc,t1_g8pdrte,IngsocInnerParty,coupl year xs option,4,1602606032.0
639,g8pf5og,t1_g8pdrte,nermal543,credit approv process coupl day program credit check time,2,1602606644.0
640,g8p6o5d,t1_g8p6jo1,hgisudhviladshgjkld,okay tile key,1,1602602282.0
641,g8ph9df,t1_g8pgnos,DJ-Salinger,bummer underpow pixel issu,4,1602607722.0
642,g8p7fqm,t1_g8nxnxa,san_serifs,macbook pro corner radius mm,2,1602602681.0
643,g8ou7vo,t1_g8opjau,ChiodoS04,featur secur enough enabl face id,6,1602595117.0
644,g8p1aqk,t1_g8orez5,Baykey123,week,2,1602599369.0
645,g8paodc,t1_g8pa1lr,shortestnamepossible,yeah certain iphon worth tomorrow morn,2,1602604353.0
646,g8pfwy3,t1_g8pfp5b,nermal543,possibl rumor preorder week advanc sure,1,1602607037.0
647,g8pf6x4,t1_g8pe21o,Darkknight1939,man way disappoint life,3,1602606662.0
648,g8ole5b,t1_g8o4vzi,____Batman______,card upgrad program,1,1602588322.0
649,g8oy99w,t1_g8os4xm,German_Irish_chicken,emmc ram least gen hello fingerprint reader thingi,3,1602597625.0
650,g8oydo3,t1_g8os4xm,enjoytheshow,price point abl mac person surfac qualiti end stuff qualiti interest stuff,1,1602597698.0
651,g8p6d1i,t1_g8ozjvp,BelievesItsNotButter,bad,1,1602602117.0
652,g8pe27y,t1_g8p6c4h,ContinuingResolution,market everyon brother decent assist,1,1602606091.0
653,g8p8nkc,t1_g8p5yrb,BagelBites619,think major downgrad phone rip touch,2,1602603309.0
654,g8nz7ab,t1_g8nxo0p,shaunsingh0207,updat someon littl comment nice,2,1602565015.0
655,g8p1f58,t1_g8oz1hu,Prof_Redd1t,releas octob,1,1602599436.0
656,g8o0m5e,t1_g8o0d5l,blakenator95,ok bad muscl memori beta watch kept devic way devic small screen,2,1602566190.0
657,g8o2xnk,t1_g8o0d5l,iBen95111,appreci differ peekpop peek hard press left side screen app everyth,1,1602568232.0
658,g8om499,t1_g8okn3m,TheDapperDoctor,sorri usa,1,1602589002.0
659,g8ojlxk,t1_g8ojbwp,Aazadi,reason bad,6,1602586532.0
660,g8ozoyg,t1_g8ozjsj,nermal543,nice,3,1602598468.0
661,g8p7qjh,t1_g8p6cdh,Reset_Assured,anim import thing high refresh rate scroll window general,0,1602602837.0
662,g8owu75,t1_g8ovpo4,aka_liam,airtag devic wallet key pet bicycl person woman man camera tv,5,1602596781.0
663,g8oydtj,t1_g8ovpo4,frockinbrock,devic locat abund devic world airtag citi close gps accuraci bike seat stuff fanci headphon backpack fuck kayak dog cat afford subscript free gpslite tracker,3,1602597701.0
664,g8p8ql3,t1_g8p2bt3,frockinbrock,unoffici find servic last year peopl servic way old broken iphon funni pissi preevent discuss thread sub,1,1602603353.0
665,g8oln8p,t1_g8okw0n,vanvittig,iphon rid stupid protrud camera one phone case use iphon es product one flat desk cover current phone ipad,2,1602588560.0
666,g8opmk7,t1_g8opgqj,sgalligan17,right greedi fuck,1,1602591914.0
667,g8osvfs,t1_g8orhl7,rhyoliteindex,perfect solut third parti devic usb port wireless carplay connect phone,3,1602594217.0
668,g8p7jhk,t1_g8p66bq,The_Paul_Alves,year old shure ses cold dead hand,1,1602602735.0
669,g8p6leb,t1_g8p388z,furbykiller1,payment tax card month,1,1602602249.0
670,g8oicnn,t1_g8o72v6,deleted,game,5,1602585192.0
671,g8o7h0i,t1_g8o72v6,username_needed_or,old rgb unsubscrib mac appeal phone overkil batteri life import,4,1602572609.0
672,g8pf4iq,t1_g8o76cf,shaunsingh0207,framer bad headach,1,1602606627.0
673,g8p0wh5,t1_g8ozqi8,jimmygwabchab,,1,1602599147.0
674,g8pa566,t1_g8ozi2k,jimmygwabchab,nice covid pay much simpler touch id face mask larg annoy faceid rid argument,2,1602604078.0
675,g8p0417,t1_g8oyx8g,jimmygwabchab,okay like chang shape phone next year year sens xrs bodi spec phone iphon number fair integr nice thing brand last reason switch googl thing mac worth spec spec,2,1602598706.0
676,g8pgbta,t1_g8p2a74,jimmygwabchab,ipad android phone,2,1602607247.0
677,g8pgj2t,t1_g8p2a74,darez00,phone motorola phone size factor ipad air,2,1602607350.0
678,g8ozuzu,t1_g8ozoan,therocksome,pain dot mobil hope southern ontario,4,1602598563.0
679,g8p5imv,t1_g8p5ez7,therocksome,rid,1,1602601675.0
680,g8ozua6,t1_g8ozpo0,therocksome,avail big citi coverag map south sure,2,1602598553.0
681,g8pgwku,t1_g8p2sn1,compounding,real question effort side touch id solut mid rang ipad perfect solut problem masksfac id iphon sure bit clunki exist user hard weird ui thing intuit understand immedi upgrad mani,1,1602607544.0
682,g8ouxov,t1_g8omvy1,popientis,,1,1602595583.0
683,g8p74ga,t1_g8p6kjj,nermal543,fair touch id like price rang nice,3,1602602518.0
684,g8p5y8r,t1_g8p2x4i,PorgDotOrg,thank hard time name convent recent convert last iphon iphon death post,1,1602601905.0
685,g8owr8v,t1_g8owjfi,MajesticElphant,possibl old se might wrong,1,1602596732.0
686,g8owt2s,t1_g8owi44,McFatty7,mobil audio stream hope cabl phone thing,1,1602596762.0
687,g8oswrj,t1_g8osf8e,xStreame,plenti case phone screen exampl phone tabl screen power button scanner sens user choic,3,1602594243.0
688,g8p9yvi,t1_g8p9qt8,Mindfulmanners,doubl take last sentenc targa corvett manual process second minut process store hatch reason nice weather day,5,1602603987.0
689,g8p1pwj,t1_g8oxmxj,Prof_Redd1t,repair program touch screen x afaik issu screen,5,1602599604.0
690,g8p227b,t1_g8oxmxj,Fermats_Last_Account,dumb buy previous model day announc day price,3,1602599794.0
691,g8pc6cv,t1_g8pbsug,swar1es_barkley,buddi chief brick phone os secur updat month,1,1602605122.0
692,g8pbz3f,t1_g8pbun9,username2393,yeah mad featur impact,2,1602605017.0
693,g8pc88o,t1_g8pbz2t,username2393,ipad pro iphon notic featur essenti peopl batteri life camera,0,1602605149.0
694,g8oy57z,t1_g8oxd6q,MrHaxx1,peopl audio jack headphon,7,1602597558.0
695,g8omay8,t1_g8om9vc,0800-BLINY,fair,2,1602589174.0
696,g8pcrn3,t1_g8p8kkv,BLACK-AND-DICKER,lucrat peopl lightn cabl licens lucrat someth fraction percent revenu will cabl common licens cabl point unreli knockoff cabl general negat imag proprietari port money bad public imag port revenu licens factor port phone point ecosystem inertia slight volum benefit lightn port chang bit negat press cabl phone,2,1602605431.0
697,g8p2qq2,t1_g8ouu2i,NineSwords,obsolet fartid bluetooth probe hazmat suit,2,1602600170.0
698,g8pgpuw,t1_g8pejbr,Baykey123,right,2,1602607446.0
699,g8pg5ep,t1_g8pfr8g,Naus1987,pc gamer pc rig machin ipad pro art photo edit thing mind macbook anyth ipad,1,1602607157.0
700,g8p9s5q,t1_g8p67nw,111100010001,bit dust releas model releas cycl favorit phone sure,2,1602603889.0
701,g8pb2c2,t1_g8ooy5a,wpm,second dozen preexist charger,1,1602604548.0
702,g8p5x6s,t1_g8p5wad,Str1der,gotcha thank,3,1602601889.0
703,g8p5ugw,t1_g8p5obu,Str1der,ah ok thank best buy minut store possibl haha,2,1602601851.0
704,g8pf0d5,t1_g8pc8lr,shortestnamepossible,sure uk process person,1,1602606570.0
705,g8p67x2,t1_g8p610h,Str1der,ya best buy possibl sure releas,2,1602602043.0
706,g8p8mpq,t1_g8p7z11,tom_watts,free dust screen dust edg gap etc mine lo behold phone screen protector tini speck dust left side screen,3,1602603297.0
707,g8p7bul,t1_g8p6o5d,gaysaucemage,key conveni,2,1602602624.0
708,g8pg0bw,t1_g8p7fqm,IAMSNORTFACED,aluminium,1,1602607085.0
709,g8pfd7m,t1_g8pf6x4,Glassc0,worri delay preorder date novemb immedi avail preorder seri year,2,1602606752.0
710,g8pfjlz,t1_g8pf6x4,RedditYankee,way wors thing ship date top tier iphon littl realiti check lucki ship date phone,0,1602606844.0
711,g8opqnd,t1_g8ole5b,henrydavidthoreauawy,fice card whole phone iphon upgrad program citizen bank month card cash,3,1602591998.0
712,g8p1khf,t1_g8oy99w,Baykey123,joke alon,4,1602599519.0
713,g8p78tt,t1_g8p6d1i,_dipvss,sure impeach impecc,1,1602602581.0
714,g8o4clc,t1_g8o0m5e,ponyboy3,,2,1602569548.0
715,g8o1lxk,t1_g8o0m5e,Adama82,wha gone watch watch cycl man right place sens,1,1602567047.0
716,g8o33jk,t1_g8o2xnk,Adama82,touch cursor text url,1,1602568383.0
717,g8pae36,t1_g8p7qjh,TommyDyatlov,yeah window smoother maco window pc hz differ system general product web use game,1,1602604208.0
718,g8ox3s3,t1_g8owu75,zenneutral,lazi peopl situat awar tech depend reason,-8,1602596943.0
719,g8otec9,t1_g8osvfs,petchulio,ah okay bit long run car newer car buick year wireless carplay issu glad transmitt option thank,3,1602594574.0
720,g8oqzbe,t1_g8o7h0i,deleted,ipad pro familiar promot iphon phone opinion wrong,0,1602592899.0
721,g8pamy0,t1_g8pa566,schrute-farms-inc,touchid nice year morn face puffi shit mouth guard phone naw dog touchid mask normal way life comment year,2,1602604333.0
722,g8p5kye,t1_g8p5imv,BelievesItsNotButter,cost next year start bill januari,1,1602601711.0
723,g8p08x3,t1_g8ozua6,runrunrunaway12,seem carrier citi tower long way usabl coverag carrier haha,1,1602598783.0
724,g8pcjiw,t1_g8p74ga,PorgDotOrg,right way chip price point,3,1602605313.0
725,g8owxtp,t1_g8oswrj,Escape_Relative,phone,0,1602596843.0
726,g8pag2a,t1_g8p9yvi,nomadofwaves,haha shade part peopl top hard top bikini top merci random florida thunderstorm rain dumbass car skit mr bean,4,1602604235.0
727,g8p5qj9,t1_g8p1pwj,csehusky,second free ghost touch unrespons touch screen certain area abl free local best buy,1,1602601793.0
728,g8p44z7,t1_g8p227b,swmill08,ehh whatev big deal,1,1602600926.0
729,g8pcbgl,t1_g8pc6cv,jfish718,sad compani fuck,0,1602605196.0
730,g8pghfc,t1_g8pbz3f,Jespy,great featur phone unus peopl android iphon xs first iphon aspect android os happi io,1,1602607327.0
731,g8oy9oz,t1_g8oy57z,Ilikereddit420,differ thing airpod solut jack lack touch id eye recognit,1,1602597632.0
732,g8p662c,t1_g8p5ugw,The_Ejj,canada possibl thing,2,1602602016.0
733,g8p6r7f,t1_g8p67x2,stillpiercer_,bbi employe stock launch bumfuck ass peopl street date phone launch,2,1602602327.0
734,g8pfu1p,t1_g8pfd7m,Darkknight1939,mini max x text mac z airmessag kind mini hike blue pretti sick,2,1602606996.0
735,g8pfp01,t1_g8pfjlz,Darkknight1939,haha fair bit full year top model extra delay annoy right perspect though,2,1602606923.0
736,g8optak,t1_g8opqnd,____Batman______,correct,2,1602592051.0
737,g8p1vpv,t1_g8p1khf,German_Irish_chicken,,1,1602599694.0
738,g8o4s4r,t1_g8o4clc,blakenator95,watch touch seri,1,1602569960.0
739,g8o4bo2,t1_g8o1lxk,ponyboy3,,1,1602569524.0
740,g8o3wok,t1_g8o33jk,MachiavelliV,space bar quick,-2,1602569128.0
741,g8pc0xy,t1_g8pae36,Reset_Assured,might screen hz screen ton window display way littl possibl screen problem that retina display resolut,0,1602605044.0
742,g8ozfk1,t1_g8ox3s3,Qel_Hoth,key couch hour usual spot key couch es second spare key late wife key purs key,3,1602598318.0
743,g8ozyw0,t1_g8ox3s3,schrute-farms-inc,weird turn peopl thing lazi rid smartphon lazi peopl time comput,3,1602598625.0
744,g8oyxur,t1_g8ox3s3,hob_goblin8,ive bike car ill real,2,1602598033.0
745,g8p5v76,t1_g8ox3s3,BelievesItsNotButter,peopl luggag bike bag item thing,2,1602601862.0
746,g8pg537,t1_g8pamy0,jimmygwabchab,littl pesimist whole thing uk lot asian countri mask common polut reason market,2,1602607152.0
747,g8p5nnp,t1_g8p5kye,therocksome,line total telus charg,1,1602601751.0
748,g8paw30,t1_g8pag2a,Mindfulmanners,florida disney world consist rain storm pm day famili,2,1602604461.0
749,g8pcg17,t1_g8pcbgl,swar1es_barkley,kind phone comment,0,1602605262.0
750,g8p3rtg,t1_g8oy9oz,a-dog-meme,mask phone,3,1602600730.0
751,g8oysc8,t1_g8oy9oz,MrHaxx1,password airpod solut altern mani way,3,1602597942.0
752,g8p6y5g,t1_g8p6r7f,Str1der,awesom lot,2,1602602428.0
753,g8pg5dx,t1_g8pfu1p,Glassc0,mini exact spec pro minus screen size mini pro max signific featur differ pro refresh rate ole screen exclus max pro,2,1602607157.0
754,g8o4w7y,t1_g8o4s4r,ponyboy3,pie watch exampl,1,1602570066.0
755,g8o48yq,t1_g8o3wok,ponyboy3,press key keyboard,-1,1602569452.0
756,g8p5plj,t1_g8p5nnp,BelievesItsNotButter,telus charg sure line,1,1602601780.0
757,g8pcij9,t1_g8paw30,nomadofwaves,time weather pm last second miser last hour cool thing thing park peopl hotel room properti line,2,1602605298.0
758,g8pcip6,t1_g8pcg17,jfish718,life,0,1602605301.0
759,g8oyvpa,t1_g8oysc8,Ilikereddit420,,1,1602597997.0
760,g8p7fcn,t1_g8p6y5g,stillpiercer_,preorder real way phone much store urban area inventori devic launch configur bbi storag model regular stock devic store spec,3,1602602675.0
761,g8o50h8,t1_g8o4w7y,blakenator95,hmm case watch case,1,1602570176.0
762,g8o4cxb,t1_g8o48yq,MachiavelliV,keyboard key damn,-1,1602569556.0
763,g8pcol9,t1_g8pcip6,swar1es_barkley,stupid shit,1,1602605388.0
764,g8p8o3h,t1_g8p7fcn,Str1der,preorder phone today concern wife one,2,1602603317.0
765,g8o51lk,t1_g8o50h8,ponyboy3,,1,1602570206.0
766,g8o4eu2,t1_g8o4cxb,ponyboy3,wow clever,-1,1602569605.0
767,g8pbi14,t1_g8p8o3h,stillpiercer_,avail preorder time retail preorder time iphon launch xs possibl final bastion touch,2,1602604775.0
768,g8o4l0r,t1_g8o4eu2,MachiavelliV,ah joke phone space bar cursor hold exampl letter h swipe mode greyspac noth differ set unawar,1,1602569770.0
769,g8o4upm,t1_g8o4l0r,ponyboy3,nah gif h,1,1602570027.0
770,g8o596q,t1_g8o4upm,MachiavelliV,nice swipe set,1,1602570406.0
